Single,generous,fszpx
Single,generous,nkgno
Single,geeks,wmvus
Single,generous,tblst
Single,geeks,jbnxs
Single,miser,oilfk
Single,generous,iwhqe
Single,geeks,dzuzd
Single,geeks,pmehn
Single,miser,ltatl
Single,generous,erztv
Single,geeks,budlv
Single,generous,vbzix
Single,generous,dioho
Single,geeks,bvuyp
Single,geeks,ekmac
Single,miser,zvrfz
Single,generous,ytyua
Single,geeks,xxmsn
Single,generous,pvgyf
Single,miser,awkbb
Single,miser,ocrek
Single,miser,oivnt
Single,generous,rpzxs
Single,geeks,qmzxt
Single,generous,phimf
Single,generous,tutdx
Single,generous,zizpk
Single,generous,fjkvo
Single,generous,yvsrk
Single,geeks,lqmih
Single,generous,zmeas
Single,geeks,upqrh
Single,geeks,bxovu
Single,generous,rgpxv
Single,miser,bqadx
Single,generous,edirb
Single,geeks,akkgj
Single,geeks,pozls
Single,generous,lhlup
Single,geeks,bjwwn
Single,generous,jgiyj
Single,geeks,cwsip
Single,generous,yoekn
Single,miser,vxjed
Single,geeks,pnyyt
Single,generous,bplgf
Single,geeks,dpitt
Single,geeks,nudrm
Single,generous,sgjoj
Single,generous,nqaqu
Single,miser,xixgt
Single,generous,cqado
Single,miser,nyuav
Single,geeks,onbbz
Single,miser,rwmiu
Single,generous,fdixc
Single,geeks,xgckk
Single,generous,qlgeb
Single,miser,midlg
Single,miser,nyzcf
Single,generous,smuhu
Single,generous,oiuhh
Single,generous,rhfuj
Single,generous,cqbxm
Single,geeks,apjft
Single,geeks,zsdbn
Single,geeks,mdsri
Single,geeks,hxppk
Single,generous,hkoku
Single,geeks,gsyqf
Single,miser,mshmp
Single,geeks,wsnaj
Single,geeks,lsejz
Single,miser,wotac
Single,generous,ttncw
Single,generous,tgyib
Single,geeks,dhtku
Single,miser,yklby
Single,miser,jvmik
Single,generous,zzvqs
Single,generous,gxiov
Single,geeks,kbopc
Single,generous,vksmz
Single,geeks,kwyvv
Single,generous,qpjwi
Single,generous,osbko
Single,geeks,wufki
Single,miser,skdnd
Single,miser,ivcbc
Single,generous,zryih
Single,miser,iksuh
Single,miser,vlvzj
Single,miser,ipvmn
Single,miser,qbfey
Single,geeks,hipwz
Single,generous,lrjrh
Single,miser,kuffq
Single,generous,jcjrr
Single,miser,joiou
Single,miser,mdmvq
Single,generous,vekua
Single,geeks,zosgg
Single,generous,fvrio
Single,generous,ivoie
Single,geeks,yprwy
Single,geeks,xpjix
Single,miser,vdfwp
Single,generous,tphra
Single,miser,jlqst
Single,miser,nuazl
Single,miser,eapxm
Single,generous,mcukk
Single,miser,diegx
Single,miser,rwnoj
Single,miser,higha
Single,geeks,fhrks
Single,geeks,ehwny
Single,geeks,bdcar
Single,miser,hjlbp
Single,miser,unuqt
Single,geeks,hqsng
Single,generous,teogg
Single,miser,vedzu
Single,miser,qlvud
Single,generous,papmq
Single,generous,jfiax
Single,generous,ijxtl
Single,generous,eczbx
Single,geeks,vbbfx
Single,geeks,dqarw
Single,generous,dqvpl
Single,generous,vgixh
Single,geeks,rguef
Single,geeks,zkdyu
Single,generous,vjmdb
Single,miser,igygt
Single,miser,hzedb
Single,miser,sxtnl
Single,geeks,tmero
Single,miser,sdxkr
Single,geeks,gdkei
Single,generous,bvfdz
Single,miser,tgtty
Single,miser,ivbbn
Single,generous,vkfom
Single,geeks,bgijm
Single,miser,wayja
Single,miser,chssq
Single,miser,oahhw
Single,generous,nmorf
Single,miser,ftxag
Single,generous,rpozc
Single,geeks,cvpoe
Single,geeks,kpqit
Single,geeks,ighwp
Single,generous,plcaa
Single,generous,okbin
Single,miser,irdhw
Single,miser,rlcnl
Single,generous,gynzv
Single,generous,dwklr
Single,geeks,mujnc
Single,generous,gflhz
Single,generous,cufbn
Single,generous,jmpoj
Single,miser,qgvxw
Single,geeks,ojsba
Single,geeks,fqzxr
Single,miser,nelmm
Single,generous,affds
Single,miser,podjt
Single,miser,ouwth
Single,geeks,mauqq
Single,miser,xqbtj
Single,generous,rzbok
Single,generous,ghotv
Single,miser,yncnz
Single,generous,mjbso
Single,generous,vfhcx
Single,generous,gqycl
Single,geeks,kuszv
Single,generous,tkbrq
Single,miser,zjgxy
Single,generous,qmici
Single,geeks,qkwxj
Single,geeks,duoxm
Single,geeks,ymqzv
Single,generous,kelsd
Single,generous,mxreg
Single,generous,ajvba
Single,geeks,rpsuz
Single,geeks,qlcku
Single,geeks,xxlih
Single,miser,eirbe
Single,geeks,rfnaz
Single,miser,hfvfl
Single,geeks,kqxeo
Single,generous,ipdrj
Single,miser,jrqqt
Single,generous,xhymg
Single,geeks,rtnoq
Single,geeks,crgez
Single,geeks,udzmn
Single,miser,majsk
Single,geeks,bthap
Single,geeks,vvvhx
Single,geeks,mneqd
Single,generous,eeqxg
Single,miser,oyczg
Single,geeks,vgpje
Single,generous,uiuip
Single,miser,sfuqy
Single,generous,houkv
Single,miser,jtunf
Single,geeks,ebsqh
Single,miser,owsrg
Single,geeks,ysevv
Single,miser,bzhwb
Single,geeks,mqfsp
Single,miser,oerxr
Single,generous,bblfj
Single,miser,uhfms
Single,miser,xqsoe
Single,geeks,fzrsw
Single,miser,rnhqw
Single,geeks,lptai
Single,geeks,lgocv
Single,geeks,pmbgq
Single,geeks,pxyky
Single,generous,mffoy
Single,generous,fopsq
Single,geeks,drebl
Single,generous,xmrbw
Single,geeks,mztyd
Single,generous,nefwe
Single,geeks,dmfjm
Single,generous,cztkz
Single,miser,iqvwa
Single,generous,fsyew
Single,generous,ikuew
Single,generous,frkyc
Single,generous,byrmb
Single,generous,eoelq
Single,geeks,kygom
Single,miser,wutef
Single,miser,lvqnb
Single,generous,stkia
Single,miser,czlfy
Single,miser,lhvyp
Single,generous,yuyfd
Single,generous,altzk
Single,miser,yulmk
Single,geeks,yebnb
Single,geeks,hhqmq
Single,generous,vcfry
Single,miser,zssta
Single,geeks,mawnb
Single,generous,wktqs
Single,generous,sceia
Single,miser,zlqad
Single,generous,ibpjn
Single,geeks,dckyz
Single,generous,ntdsq
Single,geeks,ozcuf
Single,generous,whqbm
Single,miser,nvktk
Single,geeks,gftoq
Single,generous,vqmhs
Single,generous,cyjfa
Single,generous,fxgbn
Single,geeks,lxiah
Single,generous,yovvc
Single,geeks,jfhky
Single,generous,zmnmb
Single,generous,qfrwh
Single,generous,xzvmz
Single,miser,mufsq
Single,generous,rjpln
Single,generous,mullc
Single,geeks,apuyj
Single,generous,qyyoi
Single,generous,rjcgs
Single,generous,defde
Single,geeks,iwprz
Single,geeks,gptsd
Single,geeks,vlput
Single,generous,evvwt
Single,geeks,vaeqf
Single,generous,twqec
Single,generous,cyamq
Single,geeks,nxqij
Single,generous,rgeaz
Single,geeks,gwgjc
Single,miser,mptfr
Single,generous,vkvxd
Single,geeks,vlgdm
Single,geeks,bfflj
Single,generous,muchv
Single,generous,wouje
Single,geeks,diqnw
Single,miser,twejs
Single,generous,ctlis
Single,generous,oufcf
Single,generous,imukg
Single,geeks,zltnv
Single,miser,iyeyd
Single,geeks,cfbpa
Single,geeks,smwua
Single,geeks,iatnw
Single,geeks,kyqkj
Single,generous,zfarh
Single,miser,hheul
Single,miser,vbesl
Single,miser,oqqwe
Single,miser,exawa
Single,miser,uohvr
Single,generous,vgmes
Single,miser,fswui
Single,geeks,zvrbr
Single,geeks,yaybs
Single,miser,gnyho
Single,generous,uxffs
Single,generous,raowa
Single,miser,cpema
Single,geeks,wgpsv
Single,generous,kgepz
Single,generous,gselq
Single,generous,pljiz
Single,generous,gyspc
Single,miser,facrf
Single,geeks,lqfnl
Single,miser,ieyje
Single,miser,ixdoo
Single,generous,fodvj
Single,generous,bhcka
Single,generous,hapsn
Single,generous,gwfyj
Single,generous,swauy
Single,geeks,dglyl
Single,geeks,vfpne
Single,geeks,gydiv
Single,generous,lksmi
Single,miser,tehwh
Single,generous,qjwua
Single,generous,scqif
Single,generous,jcsxy
Single,geeks,rhmuj
Single,miser,nlego
Single,generous,bjexb
Single,geeks,aiaew
Single,generous,pksza
Single,geeks,zcood
Single,miser,wdcik
Single,generous,hyuno
Single,miser,vyyqy
Single,miser,zjzbz
Single,generous,zmudg
Single,geeks,khwrb
Single,miser,puzin
Single,miser,ifaot
Single,geeks,cqcbm
Single,generous,kvdnt
Single,geeks,rzyyt
Single,generous,wzqnd
Single,miser,qfnha
Single,generous,kwoij
Single,generous,nxwaw
Single,geeks,xqzrn
Single,miser,cfsfh
Single,geeks,mknrc
Single,generous,wcdvb
Single,generous,hpxnr
Single,geeks,lpqjm
Single,generous,llubp
Single,generous,zsvso
Single,generous,ljoap
Single,miser,khxqg
Single,generous,gqzbv
Single,miser,lfgyj
Single,geeks,btgjj
Single,geeks,xpdum
Single,miser,shitw
Single,generous,zzvst
Single,geeks,hfvvf
Single,miser,ytphi
Single,geeks,dkscc
Single,miser,xmyam
Single,geeks,nuzgt
Single,miser,dwzog
Single,geeks,amsjm
Single,geeks,syrzl
Single,geeks,dlfln
Single,geeks,urmhy
Single,generous,fzqja
Single,geeks,wbtxd
Single,geeks,izeuc
Single,miser,ueewe
Single,generous,arpsw
Single,generous,jmtqp
Single,generous,aqbcb
Single,geeks,scwye
Single,generous,dsteo
Single,miser,avhlc
Single,geeks,hyhmo
Single,generous,wboyz
Single,geeks,frslg
Single,geeks,ukfiq
Single,geeks,eexul
Single,geeks,jalof
Single,geeks,xjmbi
Single,miser,lzhky
Single,geeks,ccbcf
Single,miser,vjype
Single,generous,gkodn
Single,generous,jivto
Single,miser,mnbex
Single,geeks,enrqv
Single,miser,ldzyg
Single,generous,oeafq
Single,generous,iuxmv
Single,generous,hgilz
Single,generous,dzvfj
Single,miser,yqeas
Single,geeks,rrnzs
Single,miser,nvelk
Single,miser,aolky
Single,generous,eoiaa
Single,miser,vcvmz
Single,generous,ibhft
Single,miser,olxig
Single,miser,gcndp
Single,miser,lpqxn
Single,miser,rxwmc
Single,geeks,jmivh
Single,generous,aubuo
Single,generous,oynsk
Single,miser,dtdry
Single,generous,qxjmd
Single,miser,ngvev
Single,generous,dqkej
Single,miser,iyebv
Single,miser,etsjq
Single,geeks,cvfwh
Single,geeks,zcwdh
Single,geeks,pdxqu
Single,miser,tspwl
Single,generous,cvwjz
Single,miser,svuel
Single,geeks,drgna
Single,miser,supdp
Single,generous,nbsvr
Single,miser,twwac
Single,generous,ajaah
Single,miser,mjkad
Single,geeks,qnlpa
Single,miser,ecgqi
Single,generous,yxkml
Single,generous,xzxga
Single,miser,balrt
Single,generous,ydhxp
Single,miser,laxev
Single,geeks,mfoaq
Single,miser,illko
Single,geeks,zvkht
Single,miser,oevlb
Single,geeks,dvdic
Single,miser,sppwd
Single,miser,joquy
Single,geeks,btmgo
Single,miser,mkkam
Single,geeks,ygxkc
Single,miser,jvvqe
Single,miser,djdre
Single,miser,yfkna
Single,geeks,xobmi
Single,miser,urksq
Single,geeks,srmtt
Single,miser,wrwig
Single,miser,rvfxn
Single,miser,qiktl
Single,miser,iyvjc
Single,miser,nkgjf
Single,generous,bmokc
Single,miser,vqbsy
Single,generous,ursru
Single,generous,zevgi
Single,generous,hvhaj
Single,geeks,blgok
Single,geeks,zbyeq
Single,miser,rytdd
Single,miser,skgaw
Single,geeks,cqazj
Single,geeks,kvmpw
Single,miser,nzacr
Single,geeks,ejfgk
Single,miser,xiktp
Single,miser,vggnh
Single,generous,obsiw
Single,miser,vgiyl
Single,geeks,xvxqx
Single,generous,hgcbe
Single,geeks,bwtyr
Single,miser,ikhbb
Single,generous,xxtdo
Single,miser,shyoz
Single,miser,czgfw
Single,geeks,iasuh
Single,generous,xglxo
Single,miser,krndt
Single,generous,wrcvt
Single,miser,ejbss
Single,miser,mhbll
Single,geeks,qzbhs
Single,miser,qswjd
Single,geeks,bnilw
Single,generous,pidmk
Single,geeks,dkune
Single,geeks,zwxlf
Single,miser,geimh
Single,miser,htbgh
Single,geeks,xdire
Single,miser,alpjg
Single,geeks,qgokw
Single,geeks,nride
Single,generous,flvlq
Single,generous,cqllo
Single,generous,nheld
Single,generous,qxbqz
Single,geeks,zmyrw
Single,miser,dknjr
Single,geeks,gisch
Single,miser,skdup
Single,miser,ujezn
Single,miser,yfnfk
Single,generous,muavz
Single,geeks,rstxi
Single,geeks,gkcmn
Single,generous,mkprf
Single,geeks,szzjr
Single,miser,gjirc
Single,generous,dyekr
Single,generous,dqiuw
Single,geeks,urrau
Single,miser,gwjxn
Single,geeks,gofaw
Single,miser,mfnxw
Single,generous,vbfey
Single,miser,qsocz
Single,geeks,badim
Single,generous,vyzzp
Single,geeks,fxdlh
Single,generous,jingz
Single,generous,roiqq
Single,generous,szoxj
Single,geeks,zwfno
Single,miser,mkrvg
Single,generous,bsrkn
Single,miser,ygwjs
Single,miser,zpkmm
Single,miser,wkdiw
Single,generous,byvws
Single,geeks,xftvw
Single,miser,ctpab
Single,miser,cwlzd
Single,geeks,fnrwi
Single,miser,turek
Single,generous,zllcd
Single,geeks,ijumx
Single,miser,kjjlj
Single,geeks,dykue
Single,miser,urjbh
Single,geeks,dlqen
Single,generous,ntgue
Single,geeks,gnizp
Single,generous,sfviv
Single,generous,oxlrn
Single,geeks,kncwy
Single,geeks,irptc
Single,generous,wdbpq
Single,geeks,egjrv
Single,miser,fbaey
Single,generous,aadef
Single,geeks,turbp
Single,miser,obqil
Single,miser,luxpa
Single,geeks,oadfx
Single,miser,qvslm
Single,geeks,wfdvs
Single,geeks,buyco
Single,miser,bywgx
Single,geeks,tvbdj
Single,generous,inxpa
Single,miser,uamcq
Single,miser,yyiek
Single,generous,ilyul
Single,generous,okxzc
Single,miser,ciluz
Single,miser,cbchv
Single,geeks,qjiex
Single,generous,vgtww
Single,miser,hinay
Single,miser,gjzqf
Single,generous,ahwgu
Single,miser,nwgep
Single,miser,qszhq
Single,miser,sddya
Single,generous,grktb
Single,geeks,eeyfe
Single,miser,pysyv
Single,miser,udkaq
Single,miser,jxlor
Single,geeks,yshwn
Single,geeks,cakcj
Single,geeks,yyqhg
Single,generous,lxfib
Single,geeks,eygvs
Single,generous,ifvyj
Single,generous,yypnr
Single,generous,uvsdj
Single,geeks,gjrxd
Single,geeks,qtrqz
Single,generous,uzfqo
Single,miser,dsohv
Single,miser,zmypt
Single,geeks,djqaw
Single,miser,djalp
Single,geeks,kibsu
Single,geeks,wgsis
Single,geeks,kcbad
Single,miser,salva
Single,generous,hmsji
Single,geeks,lxyyg
Single,geeks,ezzls
Single,generous,wzfnh
Single,generous,pxhlv
Single,miser,yliil
Single,miser,nbxhr
Single,generous,nvsod
Single,generous,bujtv
Single,geeks,ffaxs
Single,generous,mcmar
Single,miser,cylux
Single,generous,wvyao
Single,geeks,pjtju
Single,geeks,sdjnk
Single,geeks,myjhu
Single,generous,ykysk
Single,miser,iatzt
Single,generous,ltgxy
Single,generous,orvfx
Single,geeks,ooric
Single,miser,rgwvi
Single,miser,hnvek
Single,geeks,segko
Single,generous,tojit
Single,generous,ufvee
Single,miser,qfrps
Single,geeks,rmxuw
Single,generous,mzadi
Single,geeks,ontce
Single,miser,elcyl
Single,miser,glghe
Single,geeks,xweez
Single,generous,izocd
Single,generous,xyuta
Single,miser,vklof
Single,generous,gpfep
Single,geeks,mztyk
Single,geeks,olvhb
Single,geeks,mgfxj
Single,miser,wryld
Single,geeks,nmwbe
Single,geeks,fevnr
Single,generous,mkqxz
Single,generous,qmkbs
Single,geeks,ldnif
Single,generous,csmaz
Single,generous,rmihw
Single,miser,cnowq
Single,generous,pdeez
Single,miser,jixmr
Single,generous,vjrjc
Single,miser,owqke
Single,geeks,zmkuj
Single,geeks,inrua
Single,geeks,mdeow
Single,generous,nbmqv
Single,miser,msjnk
Single,miser,kwcph
Single,geeks,mkdny
Single,geeks,fuvvp
Single,geeks,istbp
Single,generous,dhiao
Single,geeks,mvajj
Single,geeks,xabre
Single,generous,hisim
Single,generous,xdbyx
Single,miser,chbfc
Single,generous,aaexi
Single,geeks,axwij
Single,miser,xyjwl
Single,miser,isbvo
Single,miser,icukx
Single,miser,dyjed
Single,miser,lgonr
Single,miser,jamhz
Single,miser,aoqfm
Single,geeks,dycya
Single,geeks,nymur
Single,geeks,gxixx
Single,generous,mnmuv
Single,miser,hqdmk
Single,geeks,jdaon
Single,generous,upcut
Single,geeks,ftanq
Single,generous,ycqkb
Single,generous,otmyu
Single,geeks,vleyr
Single,geeks,kbhxy
Single,generous,dupak
Single,generous,kmqlv
Single,generous,ndank
Single,geeks,vbmsf
Single,generous,qvnro
Single,miser,jweub
Single,miser,bauwi
Single,generous,nwbmy
Single,geeks,rmahy
Single,miser,hdjao
Single,geeks,emevc
Single,generous,ilvsa
Single,miser,vgfmb
Single,geeks,durce
Single,generous,oqrwc
Single,geeks,ylylm
Single,geeks,gteef
Single,generous,vafqf
Single,miser,udewp
Single,miser,xppgq
Single,generous,uljhg
Single,miser,sbmgn
Single,generous,knnez
Single,geeks,vyrfz
Single,generous,zmvqx
Single,miser,tmfzl
Single,miser,xbbyp
Single,generous,gmlda
Single,geeks,hnzgn
Single,miser,kpuop
Single,miser,nvidz
Single,generous,rqmtp
Single,generous,cmrnr
Single,miser,qzscd
Single,generous,rlrgz
Single,generous,pwcdy
Single,miser,jbzzo
Single,miser,xhzbg
Single,miser,ccypg
Single,geeks,uqbbg
Single,miser,zdlxh
Single,geeks,kailv
Single,geeks,klpjm
Single,miser,eoxpt
Single,generous,osxec
Single,geeks,lxzea
Single,generous,tgeiq
Single,generous,rdpke
Single,geeks,ydpvd
Single,miser,gzlci
Single,miser,dnsjp
Single,generous,ygecx
Single,miser,ooatq
Single,geeks,ldrcj
Single,generous,jelcd
Single,miser,dinrg
Single,generous,ykjuz
Single,geeks,ahyhr
Single,miser,zxisn
Single,generous,abcpf
Single,generous,cnwuz
Single,geeks,tgyta
Single,geeks,cuhyr
Single,geeks,tvzjl
Single,generous,mrloi
Single,generous,niivf
Single,generous,tljat
Single,miser,xvdnh
Single,miser,tkewz
Single,generous,kskhm
Single,generous,yyveh
Single,generous,lykrd
Single,geeks,rlmua
Single,generous,rtbpp
Single,miser,xypgf
Single,miser,xtwla
Single,miser,whxph
Single,miser,oabdk
Single,miser,ffjaw
Single,generous,hwcvd
Single,miser,axnuc
Single,geeks,tnnls
Single,generous,heled
Single,miser,dzbag
Single,miser,snoaq
Single,geeks,zqpds
Single,geeks,opsti
Single,generous,qgffo
Single,generous,zubeg
Single,miser,lxhjm
Single,miser,zsiqq
Single,geeks,kgiso
Single,miser,wkjnr
Single,miser,ikbxg
Single,miser,hzsbe
Single,generous,ddvda
Single,generous,zhqbt
Single,generous,ixbcb
Single,miser,cukjz
Single,geeks,dxrhq
Single,geeks,sujzi
Single,miser,chmqm
Single,miser,xrmpo
Single,geeks,hovge
Single,geeks,exsou
Single,generous,yqhbz
Single,geeks,lwfau
Single,miser,sctah
Single,geeks,erszv
Single,miser,hpopn
Single,miser,rjiia
Single,miser,muuqo
Single,generous,hrnva
Single,generous,kebwv
Single,geeks,xnkpr
Single,miser,rixun
Single,miser,iowio
Single,miser,tmhsv
Single,miser,iesqt
Single,generous,qyyoy
Single,generous,vwgiv
Single,geeks,eyvhu
Single,miser,ececs
Single,generous,geywf
Single,geeks,tgfyt
Single,generous,jzosb
Single,miser,ctmku
Single,geeks,jdrjz
Single,miser,grelx
Single,miser,uoiju
Single,miser,iapvw
Single,generous,yyxkj
Single,miser,dzoys
Single,geeks,mxlic
Single,generous,gjaba
Single,generous,pxoit
Single,generous,xrxpt
Single,generous,jejfr
Single,generous,vfels
Single,miser,fmgmt
Single,miser,qbjes
Single,miser,jsmwc
Single,miser,kwqys
Single,generous,kably
Single,miser,hpgoq
Single,generous,mrnrt
Single,generous,kerrd
Single,geeks,nzvpl
Single,geeks,oezul
Single,miser,ukqez
Single,miser,bnfln
Single,geeks,jevxb
Single,miser,gknkh
Single,miser,emmxv
Single,miser,ujnil
Single,geeks,hdxrb
Single,generous,fslmz
Single,miser,edctg
Single,geeks,yurrk
Single,geeks,ehjpr
Single,miser,mwvcj
Single,generous,secal
Single,geeks,cdbwu
Single,generous,dlhzn
Single,miser,uqqwd
Single,geeks,nugxd
Single,generous,kgyim
Single,miser,bbqyp
Single,generous,iswas
Single,miser,bkcdc
Single,generous,knwnh
Single,generous,byrsv
Single,miser,puinh
Single,generous,gkfhl
Single,generous,nqglw
Single,geeks,wmtab
Single,geeks,npnvz
Single,geeks,cuzue
Single,miser,wffgr
Single,geeks,bmbrv
Single,generous,onuwn
Single,miser,ziqlf
Single,geeks,mgaks
Single,generous,xkzmr
Single,miser,xoopp
Single,geeks,snldf
Single,miser,cqiys
Single,generous,ujbwe
Single,generous,jjwfr
Single,generous,osjyi
Single,geeks,fcajf
Single,geeks,bsyye
Single,geeks,minpl
Single,miser,kjotz
Single,geeks,tzffs
Single,miser,luxaq
Single,generous,houjs
Single,miser,mkeky
Single,miser,paskp
Single,geeks,rbmup
Single,geeks,xyyvn
Single,miser,qhsvl
Single,generous,wvfom
Single,miser,gmeox
Single,generous,eogsr
Single,geeks,fvqgv
Single,generous,uduxx
Single,miser,gdzyk
Single,geeks,uoqee
Single,generous,vfvze
Single,generous,ojfqr
Single,geeks,guzzv
Single,generous,mtzui
Single,miser,kicyt
Single,miser,mxkvx
Single,generous,hckbx
Single,geeks,fxcdq
Single,generous,xnkxq
Single,generous,xafld
Single,miser,zqnpm
Single,generous,qfvpo
Single,miser,xbipj
Single,generous,pionj
Single,geeks,aedgm
Single,geeks,rikok
Single,generous,unyiz
Single,geeks,fdwbn
Single,miser,fwxuw
Single,generous,hkegt
Single,geeks,izkjc
Single,generous,gankh
Single,generous,dfysc
Single,miser,ckvec
Single,miser,lxmpj
Single,generous,ebfhi
Single,generous,iqpko
Single,geeks,rpkrh
Single,geeks,ffljp
Single,geeks,skjol
Single,miser,rytbs
Single,generous,tedoq
Single,geeks,bihzq
Single,geeks,jacrg
Single,miser,jndyu
Single,miser,krdbb
Single,miser,mptcm
Single,geeks,qrzmj
Single,geeks,djnme
Single,geeks,ehgfk
Single,geeks,ynkay
Single,generous,lbhbe
Single,miser,jmcot
Single,miser,lqogk
Single,geeks,yeeoc
Single,miser,litfx
Single,geeks,ibtbb
Single,miser,fbbjj
Single,generous,jyhad
Single,geeks,dksvi
Single,miser,fifyx
Single,miser,xxjbe
Single,geeks,rukxb
Single,generous,mrckp
Single,generous,mcwiw
Single,miser,qtxoj
Single,generous,catml
Single,generous,xhdiz
Single,miser,zvjcd
Single,geeks,zmpkc
Single,miser,euwkj
Single,generous,qlqyr
Single,generous,uonra
Single,geeks,ptsjv
Single,generous,jfksn
Single,miser,typdo
Single,generous,dbqrb
Single,geeks,amplz
Single,miser,ckedb
Single,generous,vqwig
Single,geeks,undjx
Single,geeks,kroio
Single,miser,domjh
Single,miser,oyuso
Single,miser,bmrkl
Single,geeks,gfmpq
Single,generous,qwian
Single,miser,wjjkt
Single,generous,ohiow
Single,geeks,yocrz
Single,miser,zpsty
Single,geeks,jccoj
Single,miser,xpxsg
Single,geeks,afkcw
Single,geeks,nawef
Single,geeks,quult
Single,generous,bjzff
Single,generous,ivpdy
Single,generous,xiojn
Single,generous,uhhcs
Single,geeks,nwgye
Single,geeks,fntax
Single,miser,gymab
Single,miser,tqmjq
Single,miser,ykndq
Single,generous,cffdo
Single,generous,rmlff
Single,geeks,bnpam
Single,generous,lpayy
Single,geeks,nvmmc
Single,geeks,pespb
Single,miser,deivx
Single,miser,wpjrl
Single,geeks,dfuff
Single,miser,nbasu
Single,miser,nhmat
Single,generous,xqmvf
Single,geeks,onthx
Single,geeks,tzzsy
Single,geeks,gsbaf
Single,miser,sngmd
Single,geeks,ecakt
Single,geeks,ahrij
Single,miser,plovv
Single,miser,pwuwa
Single,geeks,dsokw
Single,geeks,hmlki
Single,geeks,jozte
Single,miser,oaoha
Single,miser,iunyh
Single,geeks,sovue
Single,geeks,zaqic
Single,generous,ncirz
Single,geeks,gbzmg
Single,geeks,ffhjb
Single,miser,tlwju
Single,miser,boujw
Single,miser,yzjfa
Single,generous,xjknd
Single,geeks,nmtjv
Single,miser,uzokm
Single,miser,dhrfd
Single,geeks,krrii
Single,generous,toqtn
Single,miser,imtwt
Single,geeks,ytfao
Single,geeks,bqqoc
Single,miser,wqgul
Single,geeks,wvegc
Single,geeks,mwflg
Single,miser,kjncm
Single,generous,ouxik
Single,geeks,zgxce
Single,geeks,onvsb
Single,miser,qwczd
Single,miser,ezhtb
Single,geeks,adowg
Single,geeks,anbgf
Single,generous,lylcp
Single,miser,rpzqy
Single,miser,umbtm
Single,geeks,ljaae
Single,geeks,frtjj
Single,generous,phnju
Single,miser,kmsml
Single,geeks,wgejc
Single,miser,msewm
Single,generous,alolq
Single,geeks,jcdba
Single,miser,olyva
Single,geeks,msbec
Single,geeks,dqqih
Single,geeks,jnmkz
Single,generous,fdrtp
Single,generous,ijyiz
Single,miser,cbevm
Single,generous,oteso
Single,geeks,mhots
Single,geeks,ajtkv
Single,miser,ptsun
Single,geeks,llmpz
Single,miser,kulmw
Single,miser,neszm
Single,generous,dhmwi
Single,generous,wyxmq
Single,miser,zqwzr
Single,geeks,kqgpj
Single,geeks,tokzc
Single,miser,rvlsb
Single,generous,uccts
Single,miser,mytlq
Single,generous,nhcsc
Single,miser,whlrq
Single,geeks,robzy
Single,geeks,lxbxq
Single,miser,uzryl
Single,generous,ukczz
Single,geeks,zfrcq
Single,geeks,vhqhg
Single,geeks,wuvtp
Single,generous,yojhp
Single,generous,zwkos
Single,miser,crmax
Single,geeks,sxzol
Single,geeks,lsbkx
Single,generous,dfdkn
Single,generous,esfxe
Single,geeks,maauo
Single,miser,kybyx
Single,geeks,xlqws
Single,generous,uwjmw
Single,miser,ovbjf
Single,geeks,lypry
Single,geeks,eexfz
Single,geeks,vefvr
Single,miser,jlaxk
Single,geeks,dirou
Single,generous,ulush
Single,generous,mhgqp
Single,generous,nhfpe
Single,miser,fimyo
Single,geeks,zhhee
Single,geeks,dfobu
Single,miser,osytb
Single,miser,mdxpg
Single,miser,nizrp
Single,geeks,xksor
Single,generous,lqjpo
Single,miser,nxacm
Single,generous,wxlnb
Single,geeks,cmluu
Single,miser,msibe
Single,miser,gvwbo
Single,geeks,bywkl
Single,geeks,tqybh
Single,generous,falho
Single,geeks,qtmqt
Single,miser,bkyeh
Single,geeks,aiypi
Single,miser,oobag
Single,generous,totot
Single,generous,dsiax
Single,geeks,sejgi
Single,geeks,rengc
Single,miser,trdyq
Single,generous,yiceq
Single,miser,mofgn
Single,miser,vbype
Single,miser,zmquq
Single,geeks,ltwxm
Single,geeks,tlfqy
Single,miser,wfhuq
Single,geeks,nxujb
Single,generous,gvvyc
Single,generous,egisg
Single,miser,dhenu
Single,miser,rytdj
Single,generous,nfhzk
Single,geeks,bdckp
Single,miser,lqmkw
Single,geeks,pxysf
Single,miser,miycf
Single,geeks,skwze
Single,geeks,yivba
Single,generous,yvdea
Single,geeks,ucehc
Single,geeks,zvshq
Single,generous,kwevk
Single,miser,rfotl
Single,miser,ruyfa
Single,miser,opdwc
Single,generous,zjkce
Single,miser,gzznl
Single,generous,xcqdu
Single,geeks,zzuea
Single,geeks,jeorl
Single,miser,rejok
Single,generous,zivpm
Single,miser,lipco
Single,miser,krhlq
Single,miser,lciid
Single,geeks,bbqiq
Single,generous,cigjv
Single,geeks,gurbn
Single,miser,bgybf
Single,generous,iorfv
Single,miser,ogsfy
Single,geeks,oemxo
Single,generous,qjgjj
Single,geeks,zrgng
Single,geeks,crcnp
Single,generous,apsmh
Single,geeks,woijy
Single,geeks,cmpvf
Single,miser,pfcuu
Single,generous,ycxpp
Single,generous,obvmb
Single,generous,lceqq
Single,geeks,ytdeu
Single,generous,xueiy
Single,miser,jodom
Single,miser,qrnin
Single,miser,zbyuh
Single,geeks,mwdpc
Single,generous,hjxhc
Single,miser,kpbfz
Single,generous,nngwk
Single,geeks,ueugv
Single,miser,snqdc
Single,generous,zekut
Single,geeks,wozoo
Single,geeks,szkfi
Single,geeks,klotw
Single,miser,jkxaq
Single,geeks,kjljk
Single,geeks,hmqnf
Single,miser,oixud
Single,miser,mmavz
Single,miser,ijhzp
Single,geeks,mzxax
Single,geeks,agpeg
Single,geeks,xvxtj
Single,geeks,xllua
Single,miser,prqra
Single,miser,nagrq
Single,generous,vjvig
Single,generous,fbwaz
Single,generous,mexmk
Single,miser,tpucc
Single,miser,mzddj
Single,generous,qwmtf
Single,miser,uqaqz
Single,generous,yahyg
Single,generous,iedzt
Single,geeks,fowou
Single,miser,plboo
Single,geeks,fceuu
Single,geeks,dwcym
Single,generous,cjehd
Single,miser,oatrx
Single,generous,xdqtn
Single,miser,haguc
Single,miser,umebz
Single,geeks,ophgw
Single,geeks,ozbvh
Single,generous,ylcnt
Single,geeks,gsepw
Single,miser,owxsb
Single,generous,rgbvx
Single,generous,nwxsz
Single,miser,zxkfw
Single,generous,usmzq
Single,generous,azhfw
Single,geeks,dsgow
Single,geeks,plncv
Single,geeks,tttrg
Single,geeks,amnro
Single,geeks,xurwc
Single,miser,teprr
Single,geeks,gsqwa
Single,generous,wpjvm
Single,geeks,bpzkm
Single,miser,xiswp
Single,miser,neeag
Single,generous,krdzr
Single,geeks,yvvcy
Single,generous,inhkt
Single,generous,hlpwm
Single,geeks,bariy
Single,miser,zdnqh
Single,geeks,wbriq
Single,geeks,qypqj
Single,miser,omcbb
Single,geeks,oxaic
Single,miser,bgffn
Single,geeks,nbpbk
Single,generous,colgd
Single,generous,wlcrx
Single,miser,splvq
Single,generous,zgaas
Single,miser,hjhcs
Single,generous,xieue
Single,generous,uesgo
Single,miser,nlhok
Single,miser,qxspr
Single,generous,jotop
Single,miser,rqjcq
Single,miser,thvvk
Single,generous,iiwfk
Single,geeks,tizde
Single,geeks,adnbe
Single,generous,rkpxn
Single,geeks,nfhyd
Single,miser,aosxa
Single,miser,httvw
Single,geeks,qiysq
Single,generous,nzpqp
Single,generous,zmwud
Single,geeks,axqvt
Single,geeks,pmgyn
Single,geeks,yquzl
Single,miser,xetoh
Single,geeks,xjasi
Single,generous,esgsk
Single,generous,smdrw
Single,generous,wxlyo
Single,generous,nheon
Single,geeks,xqjrq
Single,geeks,jcfdp
Single,geeks,umucj
Single,generous,nvfmv
Single,generous,vqkrk
Single,geeks,vjudr
Single,miser,nquus
Single,generous,nmrjc
Single,geeks,bhbef
Single,miser,rktox
Single,generous,bxdfc
Single,generous,fefvq
Single,geeks,stpft
Single,generous,mmzft
Single,geeks,sxato
Single,geeks,qwtvc
Single,miser,xfysk
Single,geeks,vtfnp
Single,geeks,neiwf
Single,generous,zerxl
Single,geeks,ekxct
Single,geeks,hfxbg
Single,miser,tnqnz
Single,geeks,npqbx
Single,generous,fjhwb
Single,generous,qotqr
Single,generous,tlbie
Single,generous,zvixm
Single,generous,uqyxd
Single,geeks,mvwfy
Single,geeks,oucir
Single,generous,qtlfx
Single,geeks,tkige
Single,miser,jdbmg
Single,generous,nocxo
Single,generous,usmke
Single,geeks,cpazq
Single,miser,bcwqd
Single,generous,aikma
Single,geeks,upgck
Single,generous,lkbfg
Single,geeks,seljf
Single,geeks,dfmvd
Single,generous,mlbnc
Single,generous,kculp
Single,miser,wlzna
Single,miser,qjdtu
Single,generous,yxubd
Single,geeks,srofi
Single,miser,fmiki
Single,generous,fttem
Single,geeks,plpoe
Single,generous,hagbn
Single,generous,sjmzh
Single,geeks,dkkdt
Single,miser,ythjk
Single,miser,trcuy
Single,geeks,emtrk
Single,generous,oenun
Single,miser,dplua
Single,miser,oicrm
Single,miser,jtomr
Single,geeks,xvrdb
Single,miser,ukcql
Single,generous,unxkp
Single,generous,ionvp
Single,generous,sgtuj
Single,generous,nolxs
Single,geeks,pzsca
Single,geeks,imspr
Single,miser,azocl
Single,geeks,ueaez
Single,miser,ocjwk
Single,geeks,vjoqa
Single,miser,abeyw
Single,generous,rwhjw
Single,miser,mytrx
Single,geeks,napic
Single,miser,addhe
Single,generous,ppwjj
Single,generous,vwivm
Single,generous,asgzy
Single,geeks,oclpk
Single,geeks,qmhin
Single,geeks,qzgvb
Single,miser,zhhos
Single,generous,sezai
Single,generous,hmeoa
Single,generous,ebotx
Single,miser,xzecc
Single,generous,nwgxv
Single,miser,tuonx
Single,miser,cnkag
Single,geeks,istkv
Single,miser,robpp
Single,geeks,tltjg
Single,geeks,zgkvn
Single,miser,kvxgo
Single,geeks,uuonx
Single,generous,tnrjl
Single,geeks,eezbi
Single,miser,pzvrf
Single,generous,gffgi
Single,geeks,jvtgc
Single,geeks,qaudg
Single,generous,bkpta
Single,miser,yenzj
Single,geeks,yzxuz
Single,generous,ndots
Single,geeks,ejoau
Single,generous,fptoy
Single,generous,kpczd
Single,miser,mptrx
Single,geeks,nnwul
Single,miser,dfhbs
Single,geeks,fwzxb
Single,geeks,lpqgj
Single,generous,ogwct
Single,miser,gleki
Single,generous,ivulc
Single,miser,mrujb
Single,generous,xzmex
Single,generous,iheza
Single,miser,egsem
Single,geeks,dbjim
Single,miser,lxqfk
Single,generous,vjlyu
Single,generous,duswu
Single,generous,jggtf
Single,miser,fybbe
Single,generous,dmbzg
Single,generous,rawop
Single,generous,declw
Single,generous,wtuwo
Single,generous,bqqqq
Single,geeks,gukln
Single,geeks,wqaaz
Single,generous,fppvg
Single,geeks,zepea
Single,generous,scbuf
Single,miser,ujwqk
Single,miser,rgmve
Single,miser,fnrjj
Single,generous,jfjvk
Single,generous,jgyun
Single,geeks,kjhtu
Single,geeks,woitx
Single,geeks,wjpfy
Single,geeks,fcmil
Single,geeks,oaonb
Single,miser,yrrub
Single,generous,kyiwr
Single,generous,bnkev
Single,miser,iaejn
Single,generous,ahbil
Single,generous,xzhgd
Single,miser,byiur
Single,miser,zlgxo
Single,miser,aqvqx
Single,geeks,svasb
Single,geeks,kzoas
Single,generous,byhli
Single,generous,jqfqo
Single,geeks,aptrm
Single,miser,utkdg
Single,generous,otsab
Single,miser,ygyhb
Single,generous,lukbd
Single,miser,jyxpb
Single,miser,cudcj
Single,miser,updjj
Single,generous,kifwy
Single,miser,ocoyo
Single,geeks,nnycl
Single,miser,viajn
Single,geeks,ffwyq
Single,geeks,idhwn
Single,geeks,gvbjj
Single,geeks,qbyfz
Single,geeks,klxdw
Single,geeks,olpre
Single,miser,rjsrb
Single,geeks,vpzzg
Single,geeks,rmovf
Single,generous,ivtws
Single,generous,mgtht
Single,generous,grfqb
Single,generous,mbibl
Single,generous,onzgc
Single,generous,nergu
Single,generous,vrmeh
Single,generous,jxvbi
Single,geeks,xjepu
Single,geeks,jdjym
Single,miser,dgdym
Single,geeks,xgtqp
Single,geeks,roabf
Single,miser,wjjgg
Single,geeks,ubwfw
Single,geeks,gvqrz
Single,generous,qsbmr
Single,generous,dksaa
Single,miser,xittb
Single,generous,orjnc
Single,miser,rrbjp
Single,generous,cfros
Single,miser,jibyi
Single,generous,fbqoc
Single,geeks,zmcze
Single,miser,ubdhh
Single,generous,ybqnn
Single,geeks,suuzh
Single,geeks,kekih
Single,generous,attxc
Single,generous,erxyt
Single,geeks,hkvws
Single,miser,ytghs
Single,geeks,cnsat
Single,geeks,nvakn
Single,generous,crcjd
Single,geeks,fmdep
Single,miser,bngni
Single,miser,jrvua
Single,geeks,qhmpk
Single,geeks,twxka
Single,generous,flnmr
Single,geeks,fzzhq
Single,generous,azdbq
Single,geeks,mxmun
Single,generous,fdqcg
Single,generous,zoozo
Single,geeks,wzpvu
Single,geeks,umscu
Single,generous,maeyl
Single,miser,pjmhu
Single,geeks,thyzq
Single,miser,iuohj
Single,generous,qhufn
Single,geeks,poogd
Single,miser,pwlzx
Single,geeks,cgiza
Single,generous,ahayp
Single,generous,hipxu
Single,geeks,yactp
Single,miser,txwto
Single,miser,lutht
Single,generous,klznt
Single,generous,euyvg
Single,generous,gzmuy
Single,geeks,tmmeh
Single,geeks,zhxwg
Single,miser,glolq
Single,generous,kntdr
Single,miser,wtwyz
Single,miser,ievsu
Single,miser,evihf
Single,miser,djivv
Single,generous,wywwg
Single,geeks,mzubt
Single,generous,eaage
Single,miser,qqvms
Single,generous,gmych
Single,geeks,sdxnh
Single,generous,emzei
Single,geeks,nfazf
Single,miser,ioqjl
Single,miser,asnvb
Single,geeks,dgecz
Single,miser,afxrb
Single,generous,rbkxv
Single,geeks,jrunl
Single,miser,ejakw
Single,generous,ixvkk
Single,geeks,rgfap
Single,miser,acczc
Single,generous,jbgef
Single,miser,akmam
Single,geeks,aclrh
Single,geeks,jjsno
Single,geeks,ugfso
Single,geeks,jkobd
Single,miser,fxaeg
Single,miser,xfoqc
Single,miser,glvoz
Single,geeks,jgfhn
Single,miser,nhabu
Single,geeks,tefmi
Single,geeks,ewxqg
Single,geeks,ajydv
Single,generous,lroya
Single,geeks,kerol
Single,miser,oaius
Single,geeks,ebcyj
Single,generous,zkbqz
Single,geeks,ynatu
Single,geeks,nzpsg
Single,geeks,sbvzc
Single,generous,eivtv
Single,miser,qxcrj
Single,miser,uqsrc
Single,miser,vrbll
Single,generous,rvtqh
Single,miser,xqyjz
Single,miser,rkcll
Single,miser,ohxjv
Single,geeks,sltew
Single,geeks,joaiu
Single,generous,vougz
Single,geeks,gucgw
Single,miser,vukzq
Single,miser,ejvcq
Single,generous,kzcob
Single,miser,ztcww
Single,geeks,dasqo
Single,generous,kdpme
Single,miser,bitam
Single,generous,ugogp
Single,miser,pknxh
Single,geeks,bcbye
Single,generous,wvmac
Single,generous,skaun
Single,miser,suasq
Single,geeks,rnnhs
Single,miser,yhxvc
Single,geeks,irmoa
Single,miser,ynyfo
Single,miser,dqtnw
Single,geeks,kegzb
Single,geeks,cizqi
Single,generous,pequi
Single,generous,gtsps
Single,geeks,kblog
Single,miser,uwrpl
Single,generous,eksbu
Single,generous,brizo
Single,geeks,vdpqn
Single,generous,wiqga
Single,geeks,qgicb
Single,miser,roxwb
Single,geeks,wyjfl
Single,generous,sdzrr
Single,miser,vvqic
Single,geeks,oorgw
Single,miser,izxjz
Single,miser,bdnma
Single,geeks,iatwh
Single,generous,hmncr
Single,miser,cytvy
Single,generous,zzxyh
Single,miser,jkveh
Single,generous,esung
Single,miser,ryyxc
Single,generous,tqgcy
Single,geeks,wxhyi
Single,generous,gsxwl
Single,geeks,zdirf
Single,miser,xgrsr
Single,generous,yfojz
Single,generous,qgzty
Single,generous,lpknq
Single,miser,nvrhu
Single,miser,rnvoz
Single,generous,tgayd
Single,generous,hunro
Single,geeks,cgzml
Single,generous,ossxb
Single,generous,yotpt
Single,geeks,dzsjd
Single,miser,bigde
Single,generous,khxze
Single,generous,jsmdg
Single,miser,gwpgm
Single,miser,nxohr
Single,miser,dgmqz
Single,geeks,ucxsb
Single,generous,smfht
Single,generous,gawrv
Single,geeks,tocym
Single,geeks,zyppn
Single,geeks,inolm
Single,generous,pvnkf
Single,geeks,rmpnv
Single,miser,pqfxa
Single,generous,iapzi
Single,generous,gktxx
Single,generous,iodyn
Single,geeks,kbfzp
Single,miser,yhprm
Single,generous,wgois
Single,generous,dgxod
Single,generous,cnlgt
Single,geeks,nscym
Single,geeks,qgtug
Single,miser,fynui
Single,miser,kwyvt
Single,geeks,ebvxo
Single,geeks,jhcan
Single,geeks,xhbwq
Single,geeks,xlkjs
Single,generous,pawco
Single,geeks,uywpb
Single,geeks,caxtc
Single,miser,casck
Single,miser,tmeyo
Single,miser,bgxgr
Single,miser,kbevw
Single,miser,vntcw
Single,generous,dnzxs
Single,miser,rfpta
Single,generous,ikhns
Single,miser,etqvn
Single,miser,wjcds
Single,geeks,stxor
Single,generous,adejy
Single,geeks,rkgdq
Single,miser,iuohv
Single,miser,bcgih
Single,generous,chrjk
Single,generous,isext
Single,miser,ufvdm
Single,geeks,uoucp
Single,miser,sjuwv
Single,geeks,clkwl
Single,geeks,tbpvz
Single,geeks,wdcbw
Single,miser,iprtg
Single,geeks,iadeu
Single,miser,zuoaw
Single,miser,srblt
Single,geeks,mracc
Single,miser,kicir
Single,miser,somcb
Single,miser,eyaym
Single,generous,hgyim
Single,miser,imjbt
Single,geeks,txmnf
Single,generous,denoe
Single,geeks,brmmp
Single,miser,pcyyk
Single,geeks,cevbz
Single,geeks,jmrku
Single,miser,iulrt
Single,miser,difgo
Single,geeks,gqksd
Single,miser,ezvcb
Single,generous,lfwtk
Single,generous,vtanf
Single,miser,qjaye
Single,miser,yuxjq
Single,miser,pjytt
Single,generous,rapqe
Single,generous,qzglb
Single,geeks,xwvfa
Single,miser,nklji
Single,generous,hnlvz
Single,generous,khqou
Single,geeks,wobnu
Single,miser,okfxw
Single,geeks,rnyxh
Single,geeks,iuamn
Single,miser,ulvnb
Single,generous,ppmas
Single,miser,mwams
Single,miser,xlyza
Single,miser,scnkc
Single,miser,qulyn
Single,generous,ilysw
Single,geeks,tzqam
Single,generous,iyzoq
Single,generous,mmgjb
Single,generous,fehwz
Single,generous,ajyjw
Single,geeks,atxsx
Single,generous,ywbmm
Single,geeks,xvsvd
Single,generous,xhtsc
Single,geeks,ixgmy
Single,miser,yjyrs
Single,generous,exegn
Single,miser,kmikb
Single,miser,ozrax
Single,miser,okiwx
Single,generous,nfziq
Single,generous,mvyfm
Single,miser,imqts
Single,generous,qjgwv
Single,geeks,lhgvo
Single,geeks,agkts
Single,generous,tvkwg
Single,geeks,sqigw
Single,miser,qdetf
Single,geeks,stktd
Single,geeks,mdvir
Single,geeks,xlzou
Single,geeks,qttxu
Single,generous,ykdry
Single,generous,yhcxf
Single,generous,hyfjg
Single,miser,ddorw
Single,geeks,wllus
Single,miser,isaam
Single,generous,yxrov
Single,miser,uyvwe
Single,generous,iszzw
Single,generous,hvaok
Single,geeks,ttovw
Single,generous,eoigj
Single,generous,swutg
Single,generous,ydfeg
Single,generous,eujzx
Single,miser,uqvvz
Single,generous,qvtzl
Single,miser,szxgp
Single,generous,wwafp
Single,generous,ndbla
Single,generous,vtcje
Single,miser,qyuuy
Single,generous,ihlzu
Single,geeks,xrsrg
Single,generous,gwnez
Single,generous,vnkyg
Single,generous,rdxjn
Single,miser,wgocb
Single,geeks,yzxpl
Single,generous,hzjzi
Single,geeks,rfmmb
Single,generous,btrrp
Single,miser,yfabu
Single,generous,znrvi
Single,geeks,zqnoh
Single,generous,rmiix
Single,miser,atafh
Single,miser,kviit
Single,geeks,uyujh
Single,generous,itdnc
Single,miser,xvvns
Single,geeks,fmxok
Single,geeks,ceeoo
Single,generous,xhops
Single,miser,dpuao
Single,miser,mnfhn
Single,geeks,mzcfl
Single,generous,gyebo
Single,miser,zpvmv
Single,generous,cfcuh
Single,generous,qcqse
Single,geeks,ouzgp
Single,miser,ymsjf
Single,miser,ckoqe
Single,miser,tkawl
Single,geeks,ofsno
Single,generous,bweke
Single,generous,xuejr
Single,generous,qfzuy
Single,miser,zmsao
Single,generous,lsizh
Single,generous,hiugc
Single,geeks,thaao
Single,generous,lmgsm
Single,miser,kwlba
Single,generous,iytbc
Single,miser,lzudh
Single,miser,tjdga
Single,miser,gliue
Single,miser,hrijs
Single,generous,anseu
Single,generous,acbns
Single,geeks,jrwyb
Single,geeks,iueuw
Single,geeks,jcepu
Single,miser,lspvl
Single,geeks,xnpxs
Single,miser,sdrlk
Single,generous,lxszu
Single,miser,rrxcs
Single,generous,fvpji
Single,miser,xmsqy
Single,miser,iqwjs
Single,generous,xgfdk
Single,generous,nmqer
Single,geeks,jvbmx
Single,generous,bsqev
Single,miser,mpqpl
Single,miser,vqilc
Single,miser,cufxb
Single,generous,gyrzt
Single,generous,amvue
Single,geeks,cpwvp
Single,generous,pyfni
Single,miser,yfidm
Single,generous,zocns
Single,geeks,hmijl
Single,geeks,zffhm
Single,generous,kroab
Single,miser,iyzbs
Single,miser,dddei
Single,miser,intpa
Single,geeks,twkuj
Single,miser,fzfcx
Single,geeks,lgtgb
Single,generous,fwmtg
Single,generous,zulgb
Single,geeks,bkuxf
Single,geeks,wqmmx
Single,geeks,qsrxb
Single,miser,ewvmy
Single,geeks,wsdkk
Single,miser,jvumb
Single,miser,kxuay
Single,miser,nwkuu
Single,geeks,zyymw
Single,miser,xqspo
Single,miser,tjcoq
Single,generous,erxhw
Single,generous,gmfoi
Single,miser,kspdi
Single,miser,mongm
Single,geeks,ngccb
Single,geeks,vzmew
Single,geeks,mmlfu
Single,generous,qtkxn
Single,generous,bulri
Single,geeks,seqwt
Single,miser,wqefy
Single,geeks,fzbbn
Single,generous,sgoxw
Single,miser,xdhho
Single,geeks,gfaec
Single,geeks,oatux
Single,miser,yttph
Single,generous,tfivj
Single,miser,wqzbz
Single,generous,zwcfr
Single,generous,xiwve
Single,geeks,qptdu
Single,generous,qaojw
Single,generous,dxxnu
Single,generous,fnkec
Single,generous,pvnhl
Single,generous,nipjo
Single,generous,eyfwc
Single,geeks,sgkfl
Single,geeks,qscuj
Single,generous,zqcbl
Single,geeks,tunso
Single,miser,imfhc
Single,geeks,pjcog
Single,generous,cpcbl
Single,generous,wufzt
Single,geeks,qislg
Single,geeks,epbsv
Single,geeks,rdquf
Single,miser,hzwsh
Single,geeks,icucq
Single,geeks,xvupc
Single,geeks,luhjr
Single,generous,jckap
Single,generous,ceztz
Single,generous,xqijt
Single,geeks,hiyus
Single,generous,rjosk
Single,miser,ejjpn
Single,geeks,ldqao
Single,generous,sdvgc
Single,generous,gwqqa
Single,generous,frund
Single,geeks,efrqz
Single,miser,dpxrx
Single,geeks,zfaup
Single,geeks,ljwvd
Single,generous,lsxzj
Single,geeks,zxuxk
Single,miser,nrvxv
Single,miser,mgwtf
