Utility,rdbsd,Romantic
Luxury,kmlwi
Essential,boftj
Utility,hndlr,Rare
Essential,hdqar
Essential,tnyqg
Essential,keszl
Luxury,tnxlq
Essential,vwedl
Essential,gsngf
Luxury,thicr
Utility,icnsg,Normal
Essential,tvrjx
Luxury,flezz
Luxury,uwcgj
Utility,pbvzp,Standard
Luxury,trcmx
Luxury,ftrmc
Utility,htinc,Awesome
Utility,rhzza,Normal
Essential,gctbt
Utility,mrple,Normal
Luxury,zitpd
Utility,stzvm,Standard
Utility,mbpgp,Rare
Utility,hngvi,Rare
Essential,bdmpa
Luxury,wwppz
Luxury,dbqgx
Essential,lcfwe
Utility,tzssa,Normal
Essential,kqnww
Luxury,dztnk
Luxury,mhntx
Luxury,bfqav
Luxury,lmuea
Essential,dsaev
Essential,wjkvr
Luxury,sretf
Essential,ybcjp
Luxury,asign
Essential,rtwbj
Essential,kbxby
Luxury,kvkgj
Utility,zuwll,Standard
Utility,cmgtj,Rare
Utility,dwonk,Standard
Luxury,ktlkn
Utility,tgwek,Rare
Essential,phogl
Utility,qflvl,Romantic
Utility,aibvc,Standard
Luxury,rolyo
Luxury,fifww
Luxury,zihnv
Utility,iqfnv,Romantic
Luxury,wzqxt
Utility,ujuft,Awesome
Utility,bzltv,Romantic
Utility,qivho,Rare
Luxury,obine
Luxury,kwmra
Essential,sehzv
Utility,leqvi,Normal
Luxury,rhvxz
Utility,uqxhu,Standard
Utility,eomoh,Normal
Luxury,rvnhy
Essential,shwes
Luxury,tewqp
Utility,moois,Romantic
Luxury,rhqfm
Essential,ububv
Luxury,kvisy
Essential,xfznb
Essential,obcej
Utility,ejejr,Standard
Luxury,wrnlw
Utility,zxisd,Awesome
Utility,iosos,Romantic
Luxury,hwioj
Luxury,yfwll
Utility,obsng,Romantic
Essential,xemwk
Essential,tpyiv
Utility,gupgf,Rare
Essential,uzrch
Luxury,gthfb
Luxury,xsiee
Luxury,zaqkc
Essential,ieuye
Luxury,rolsz
Utility,gnhdt,Romantic
Essential,kbgxd
Utility,gjovi,Normal
Utility,vihto,Standard
Essential,jtjkq
Utility,myeui,Standard
Essential,hruhy
Utility,wyqrz,Standard
Essential,jemsw
Utility,bjrxs,Standard
Luxury,mqgaf
Essential,uetox
Luxury,masdh
Luxury,nnnci
Essential,fpulm
Essential,qkcuk
Utility,tdggh,Normal
Utility,bxybz,Awesome
Luxury,yymla
Essential,vucka
Luxury,ksszj
Luxury,jluvh
Utility,erawx,Romantic
Utility,jqdrr,Rare
Essential,guwlf
Luxury,exxfw
Utility,nliai,Rare
Utility,ajlxe,Awesome
Essential,mtoda
Essential,wuena
Essential,vnshm
Utility,uykrd,Rare
Utility,alcrc,Standard
Utility,dgccd,Normal
Luxury,mrtae
Luxury,gcrrt
Utility,ibled,Standard
Luxury,kvhrf
Utility,dgvay,Rare
Utility,iygnh,Normal
Essential,errbj
Utility,nyqfd,Standard
Essential,wptxi
Utility,krbqp,Standard
Utility,hxnub,Awesome
Luxury,ufipb
Luxury,pihqc
Essential,gqaby
Utility,rcwhz,Romantic
Utility,lpvtk,Normal
Essential,byuwf
Luxury,mrdfl
Luxury,wvsir
Essential,iwfus
Utility,szohc,Awesome
Luxury,npprc
Utility,ddowh,Standard
Luxury,elnni
Luxury,dnejn
Luxury,qchkc
Utility,yhidw,Romantic
Luxury,cekax
Essential,xgypq
Luxury,pfymc
Utility,haqkm,Awesome
Utility,tfcmo,Romantic
Essential,axtoh
Essential,hseeo
Essential,qsvyw
Utility,pekcv,Standard
Essential,bjwze
Utility,bnkwf,Romantic
Luxury,mdlmm
Utility,vxowl,Romantic
Luxury,hrbnu
Essential,ukrfv
Utility,xzhub,Rare
Essential,quugp
Utility,kilof,Normal
Luxury,jzqjz
Essential,xroor
Utility,mmsfe,Standard
Essential,odkoc
Utility,tiyjy,Romantic
Utility,jbsyv,Normal
Utility,ljlil,Rare
Luxury,jodpi
Luxury,eqlzk
Utility,yoxhz,Romantic
Essential,kykwj
Essential,dgfpa
Utility,oqxbx,Standard
Utility,oshdv,Normal
Essential,pvkey
Utility,asfrx,Standard
Utility,mmxhk,Standard
Utility,sgkgo,Normal
Luxury,vwyqu
Utility,apcur,Awesome
Utility,rjqwf,Standard
Essential,hkioh
Luxury,bgpkg
Luxury,psamy
Essential,udoxc
Luxury,paktn
Essential,khxxf
Essential,gwlmd
Luxury,wwoli
Essential,gyrgg
Luxury,clilk
Essential,tumyg
Luxury,bnfuq
Utility,tdazd,Romantic
Luxury,uboti
Luxury,mjzpq
Essential,zjwvv
Luxury,wgzjs
Utility,hrafk,Normal
Luxury,mscix
Luxury,jmiyq
Essential,cgdfe
Essential,jrvpa
Luxury,gllio
Essential,bxxlq
Luxury,fsbpc
Luxury,cwvvx
Luxury,dgaur
Essential,ffxgo
Utility,trymi,Standard
Essential,uharb
Utility,owprv,Romantic
Luxury,brobi
Luxury,dykha
Utility,gljbh,Rare
Utility,iusnz,Rare
Essential,jzktf
Essential,frgna
Utility,oxfqp,Normal
Utility,ocwpd,Normal
Luxury,xojyt
Luxury,nstjb
Essential,nacwc
Luxury,imoug
Utility,vphko,Rare
Essential,ftulp
Utility,qxoxz,Romantic
Utility,pbokf,Awesome
Essential,sayip
Luxury,zqkab
Luxury,qdwhj
Luxury,bhhup
Luxury,fmxkv
Essential,wbxtm
Utility,utjpb,Awesome
Essential,ggnpd
Essential,gqmrg
Luxury,hsrhg
Essential,icwpg
Luxury,zpcdd
Essential,vrinl
Essential,nxnve
Utility,syoik,Romantic
Essential,ooiyd
Essential,sfkyj
Utility,wifyf,Awesome
Utility,jnlto,Standard
Luxury,wqygs
Utility,mwzvz,Rare
Luxury,hkjfj
Luxury,jiytz
Luxury,zlozt
Essential,rxynw
Utility,ysftj,Awesome
Luxury,ntxgc
Utility,uxrwp,Romantic
Luxury,xilvs
Essential,vsiem
Utility,lifsz,Awesome
Essential,duzbu
Luxury,dfbtd
Luxury,wpubu
Utility,horfd,Romantic
Essential,ragfu
Luxury,fnbzh
Utility,dofyc,Normal
Luxury,aweyh
Utility,zxjxr,Romantic
Luxury,naqok
Essential,hinxh
Utility,fobfq,Normal
Essential,guixu
Utility,qcksj,Awesome
Luxury,psure
Utility,hfabi,Awesome
Luxury,esnsu
Utility,vokqk,Normal
Utility,qmsgp,Rare
Essential,rhmkp
Luxury,ozbtw
Utility,ongdq,Rare
Essential,twzme
Luxury,ucdnl
Essential,lxtfr
Luxury,awrzx
Utility,qjsxk,Standard
Utility,mtgis,Standard
Utility,sqrpo,Romantic
Utility,qxvdj,Normal
Utility,lxpfm,Normal
Luxury,jnzxq
Utility,bmvhm,Awesome
Utility,sptjr,Standard
Utility,jvryz,Rare
Luxury,gbjhh
Essential,jsalo
Luxury,ccbxg
Luxury,cbjla
Utility,vlhrq,Standard
Utility,kfunv,Standard
Utility,osheg,Rare
Essential,krwny
Essential,muwqa
Essential,npiip
Essential,qcglc
Essential,lhmbl
Utility,cwwbp,Normal
Utility,bfwgx,Standard
Essential,prugw
Utility,jojdb,Standard
Essential,ccpep
Utility,voiul,Rare
Utility,gicnc,Romantic
Essential,neqgw
Luxury,ppeox
Essential,wyheo
Luxury,fgkdk
Luxury,qsnjk
Utility,vonnl,Standard
Luxury,sfjwk
Luxury,gtwvj
Utility,akfuh,Rare
Utility,bkpvn,Romantic
Luxury,pdaoz
Essential,zhgna
Utility,nbahl,Romantic
Essential,zsguz
Utility,qddzf,Romantic
Essential,cvcwv
Luxury,sedxc
Luxury,ctvvt
Luxury,bpyuy
Essential,ulwda
Utility,xiegh,Rare
Utility,chqsz,Standard
Utility,gbxnp,Normal
Luxury,yylvv
Essential,ryemn
Essential,nsoqb
Essential,iqtrr
Utility,pynmf,Rare
Essential,vwuop
Luxury,pfwjq
Luxury,qcdum
Utility,mkzwo,Rare
Essential,kpquq
Luxury,awwms
Utility,kndke,Standard
Utility,ekngt,Standard
Essential,wjplv
Utility,indpk,Rare
Utility,wrxyz,Awesome
Luxury,wbjpo
Luxury,kcqca
Luxury,hijru
Essential,aobol
Essential,zvpcb
Luxury,ybtcf
Essential,gswuh
Utility,pwfoy,Standard
Essential,xbbtn
Essential,agvbg
Essential,hpfim
Utility,gfleo,Standard
Essential,odpdg
Luxury,sktrt
Essential,fjfry
Essential,xrvsj
Luxury,wwvmc
Luxury,tkebo
Utility,qezgf,Standard
Luxury,jkysx
Luxury,mqxaw
Utility,misof,Normal
Luxury,ilhvb
Luxury,yvouf
Luxury,merub
Utility,nzgti,Normal
Essential,zhdhs
Utility,tujyf,Romantic
Luxury,lnzfv
Utility,emadd,Rare
Luxury,wemek
Utility,osrla,Rare
Luxury,bodbr
Essential,enggc
Essential,trjrc
Luxury,whzox
Essential,fmsxv
Essential,iyrdx
Luxury,nbpof
Luxury,pdbsp
Luxury,dihlh
Luxury,zgtgr
Essential,wpbfu
Essential,dmpri
Essential,hzftz
Luxury,kxffq
Utility,nssmr,Rare
Essential,jbuvi
Essential,ttrvn
Luxury,gdxez
Essential,uceen
Utility,lmbnh,Rare
Essential,wmxmr
Luxury,pwwdl
Essential,xnrjy
Utility,jvjbz,Rare
Essential,axzsn
Luxury,ympwa
Utility,zjuii,Awesome
Utility,cucuw,Standard
Utility,jkzux,Normal
Essential,ryjzf
Utility,xkiqh,Standard
Essential,mryjw
Utility,ahmjn,Romantic
Luxury,agtpb
Luxury,nohfq
Utility,geqda,Awesome
Luxury,fuphx
Essential,xglxa
Luxury,zfyco
Luxury,uxfdt
Luxury,sjhga
Luxury,zcmuf
Essential,ohpaa
Utility,xrros,Normal
Essential,qexiz
Utility,zpdjh,Rare
Luxury,cqmed
Utility,relfe,Awesome
Essential,uifed
Luxury,kouzl
Essential,lpzjj
Utility,jnncm,Rare
Utility,ufphv,Rare
Utility,baocw,Rare
Luxury,nfpoc
Luxury,mzrlq
Essential,ecxen
Utility,vevyg,Standard
Essential,hccpd
Utility,pkggl,Awesome
Luxury,mklzl
Essential,optgi
Utility,evdgo,Romantic
Utility,fobjj,Awesome
Utility,ajcly,Awesome
Utility,xduxu,Rare
Essential,lyryn
Luxury,glomp
Luxury,giumf
Luxury,ndgpr
Essential,caonh
Luxury,rkiwq
Luxury,azjth
Luxury,bxiss
Essential,qcplu
Luxury,qalvd
Luxury,hrvzi
Utility,wqcvp,Awesome
Utility,gpozt,Awesome
Luxury,fqwkg
Luxury,cwtvj
Essential,ahjew
Luxury,ixvzs
Essential,lngsl
Luxury,cwdwb
Essential,knzvl
Essential,uynel
Utility,pdbyh,Normal
Utility,jjhkl,Rare
Utility,ugiue,Rare
Utility,qdhzd,Rare
Utility,oqmec,Awesome
Utility,skorn,Rare
Essential,oepbj
Utility,hnpfq,Normal
Luxury,ccxah
Luxury,aazes
Luxury,eslsq
Luxury,zttja
Luxury,dahly
Essential,otoqy
Utility,vyflc,Romantic
Utility,ensmc,Awesome
Utility,fgtoh,Awesome
Essential,xhlxz
Utility,nwttu,Normal
Utility,puati,Standard
Essential,azaaf
Luxury,gtkyd
Essential,dgulp
Utility,istpc,Normal
Luxury,rpjji
Essential,qmdaa
Utility,rjalj,Standard
Luxury,hwjeo
Luxury,cdoay
Utility,gboij,Awesome
Essential,pieup
Utility,upplw,Normal
Luxury,lfodv
Essential,lorgu
Essential,upmte
Essential,waawg
Utility,zzxjo,Standard
Utility,txukb,Standard
Utility,ajgqg,Normal
Essential,khszk
Utility,jzfep,Romantic
Essential,cbmxk
Luxury,rqjha
Utility,ypybe,Normal
Essential,gvsld
Luxury,jrvrs
Utility,rnwbj,Romantic
Utility,oxoyf,Normal
Luxury,rudcz
Utility,wedmg,Awesome
Essential,amnti
Essential,ffatc
Luxury,vamao
Utility,fxlpv,Romantic
Essential,oqgzb
Luxury,nqoig
Luxury,kkdpa
Luxury,mysfv
Utility,cwvaq,Awesome
Luxury,xsucp
Luxury,ntvvp
Essential,xhuds
Luxury,ckxlc
Essential,bxoxj
Luxury,jgapl
Luxury,nxodq
Luxury,doyrg
Essential,gfjos
Essential,ytsao
Essential,jzlkl
Utility,fesch,Awesome
Utility,suvry,Rare
Utility,otpwa,Standard
Utility,czxad,Normal
Utility,wpsbw,Standard
Essential,fvpgc
Luxury,oxwss
Essential,bkkeo
Utility,kfyeb,Romantic
Luxury,lseoi
Essential,altrr
Essential,fddwe
Essential,bkmuo
Luxury,vfhoo
Luxury,tvjyd
Luxury,dlhzv
Essential,mivkm
Essential,zcdsq
Utility,weeku,Rare
Utility,hewue,Rare
Luxury,youfm
Utility,dqpml,Awesome
Utility,dxhue,Romantic
Utility,jgwqb,Rare
Utility,njljp,Awesome
Luxury,evvpt
Luxury,rgjiq
Luxury,rwseh
Luxury,ziket
Luxury,acnnh
Essential,uijwo
Utility,sonkr,Normal
Luxury,csdtp
Essential,ydsiw
Essential,enuli
Utility,gadej,Standard
Essential,yfinb
Essential,slzer
Luxury,gbbgm
Utility,zugcw,Standard
Utility,yiznr,Awesome
Utility,hiini,Standard
Utility,ggyal,Rare
Essential,evggm
Utility,ltwgs,Standard
Essential,dgqhw
Utility,ovwre,Rare
Luxury,dmbdq
Utility,pglrc,Standard
Luxury,rzwhg
Utility,afczq,Romantic
Utility,ilzro,Romantic
Utility,awtdh,Standard
Utility,pmlem,Rare
Utility,trzqm,Rare
Luxury,yxbnf
Essential,fxqlv
Utility,becco,Normal
Utility,wfoqu,Standard
Luxury,wygio
Utility,wkjpg,Normal
Utility,cvzlz,Awesome
Utility,kkmjw,Romantic
Essential,nllcd
Essential,pdopl
Essential,lxatf
Utility,zgauo,Normal
Essential,cijen
Essential,tjptf
Utility,hwvis,Rare
Utility,gnijr,Rare
Luxury,yqwpc
Utility,ymtnt,Romantic
Utility,ixvrd,Standard
Luxury,ekqxg
Luxury,zbfid
Essential,neqoz
Luxury,jktqy
Utility,puztf,Awesome
Luxury,mnulr
Essential,powgw
Utility,mujmc,Romantic
Utility,uxeqh,Standard
Utility,zciup,Romantic
Utility,oqyjo,Awesome
Essential,tolvn
Utility,oltos,Rare
Essential,wtaps
Utility,jzkxw,Romantic
Essential,yxzfj
Utility,ncowz,Normal
Utility,uxgxw,Awesome
Luxury,ebmbc
Luxury,evvul
Luxury,mcvtm
Luxury,oflrk
Utility,hrbqp,Rare
Utility,tpfoj,Normal
Essential,miwac
Utility,ueyts,Romantic
Essential,hbltt
Utility,kccir,Romantic
Luxury,fgbjt
Luxury,hbhzs
Utility,amhcr,Awesome
Utility,kyzfu,Awesome
Utility,icisd,Standard
Utility,tzkan,Normal
Utility,tjjli,Awesome
Essential,jawfp
Essential,binkh
Utility,lpqnq,Awesome
Luxury,djrqc
Essential,nvbym
Luxury,yunfz
Essential,eemby
Luxury,nwmsm
Luxury,bsbzf
Luxury,syntj
Luxury,oywxq
Luxury,mzqrj
Luxury,mcfsa
Utility,wadcv,Romantic
Luxury,qvfyf
Essential,yygul
Luxury,bxefz
Essential,zruyk
Essential,hwlci
Luxury,mlejc
Utility,fskpe,Romantic
Essential,xxclu
Utility,ciojw,Romantic
Luxury,xrijc
Utility,awtaf,Awesome
Essential,pdplv
Essential,wcpfz
Luxury,rjffd
Essential,aopfp
Utility,uubwc,Romantic
Luxury,wvgnf
Utility,fbcxs,Rare
Essential,moedk
Utility,xtdqv,Romantic
Essential,qsugv
Utility,yfppf,Normal
Utility,wplct,Normal
Luxury,cmxkk
Luxury,feuuq
Utility,hfcaa,Standard
Luxury,isceh
Luxury,onbwv
Utility,qsptf,Romantic
Utility,aqnus,Rare
Luxury,gebww
Utility,akwfy,Standard
Utility,jbdll,Standard
Utility,vslaw,Rare
Utility,bkzks,Normal
Luxury,whjjj
Utility,vdpsd,Rare
Essential,xeknp
Essential,dklbh
Essential,kwviv
Essential,snrbh
Luxury,pjtsv
Essential,lyzxt
Utility,shidn,Awesome
Essential,slxsq
Utility,bckdd,Normal
Luxury,wkhcc
Luxury,fxwuo
Utility,hqsbr,Standard
Luxury,vlhar
Luxury,uegkc
Utility,ssqea,Rare
Essential,zsbta
Essential,korwp
Luxury,lcxtz
Luxury,rlymw
Luxury,zlqjn
Essential,tdloy
Luxury,qwdqj
Luxury,ptsob
Essential,grgdp
Luxury,aptic
Utility,mjjmm,Normal
Utility,yqskw,Awesome
Luxury,fuojc
Luxury,loyak
Essential,xokbi
Essential,zlruw
Utility,yjjur,Standard
Luxury,abxgd
Utility,ggrwx,Normal
Utility,cmxix,Rare
Luxury,uqybr
Utility,ctscs,Normal
Luxury,gwwnc
Essential,vryuc
Utility,amoyb,Standard
Luxury,flevr
Essential,jwdvc
Essential,whoga
Luxury,vedga
Luxury,ijgjy
Essential,kltwa
Essential,gzvbi
Utility,ajcip,Standard
Luxury,csljs
Luxury,lmthk
Utility,jnljo,Romantic
Luxury,vnohf
Essential,xrerw
Luxury,sfwbz
Luxury,jngzl
Essential,knzor
Luxury,puwli
Luxury,pogny
Luxury,hlylm
Luxury,qxsse
Essential,fbwye
Utility,tyxlp,Rare
Luxury,kljmg
Utility,rxmfq,Awesome
Utility,icwcu,Awesome
Essential,eluvh
Utility,jscyl,Standard
Luxury,reeem
Essential,qkawx
Essential,pxvvd
Utility,ueofk,Romantic
Essential,ghrgm
Luxury,frtlt
Utility,etmju,Awesome
Luxury,iydcg
Essential,dlzvh
Essential,lgfer
Utility,uwwyq,Romantic
Utility,xjkui,Romantic
Luxury,epsfe
Luxury,zfsci
Luxury,ufrul
Utility,bdncp,Normal
Essential,yggea
Luxury,njbkp
Utility,eldqf,Awesome
Essential,oerre
Essential,fogdr
Luxury,npmqs
Essential,snvkf
Luxury,zwgjb
Luxury,emwoz
Utility,yvowi,Rare
Essential,dilds
Essential,iirly
Utility,njklx,Normal
Utility,pzvvz,Normal
Essential,litsz
Utility,jhwhn,Rare
Luxury,odsek
Luxury,iwrnj
Essential,gdtql
Essential,pctdu
Utility,epjke,Standard
Utility,hfoce,Romantic
Luxury,pszxu
Essential,lyyia
Utility,hwmoo,Normal
Luxury,quzen
Luxury,udgvs
Essential,vqagm
Essential,bqprx
Luxury,eigpw
Utility,wmnur,Normal
Luxury,mkrky
Utility,unpuv,Normal
Utility,vngda,Normal
Luxury,fnjjg
Utility,rypbf,Awesome
Essential,fklph
Essential,szuyp
Utility,viqje,Romantic
Utility,pecwp,Romantic
Essential,acirt
Luxury,mdciw
Luxury,bbsup
Essential,fsvll
Essential,drixi
Essential,qkiso
Luxury,kcaxy
Utility,wrabi,Awesome
Essential,xcjjv
Luxury,szvco
Essential,xdukz
Essential,shqol
Luxury,bbbwx
Utility,msvay,Romantic
Utility,oalcb,Standard
Essential,nuzlv
Luxury,mbfwg
Luxury,hxzmy
Essential,dqphz
Luxury,nkfuo
Essential,kjjxq
Essential,puqdu
Essential,llwiv
Luxury,jwzqp
Luxury,zcesk
Luxury,dssdi
Utility,ujsve,Normal
Utility,nxhyt,Rare
Utility,ugpod,Normal
Utility,qjnpx,Rare
Luxury,cifjo
Utility,ceyqn,Normal
Luxury,uxrvv
Luxury,qwsei
Utility,dkrku,Awesome
Essential,ipwxc
Essential,tjeit
Utility,sdmpx,Normal
Utility,nempi,Standard
Luxury,rpspd
Essential,quuwd
Essential,jnqdn
Essential,ozvxn
Utility,cmfng,Rare
Utility,viueq,Romantic
Essential,nixpt
Essential,dywag
Essential,smuzv
Luxury,avbhr
Utility,izowz,Normal
Essential,bqnvt
Utility,vejes,Normal
Essential,yomxx
Essential,nxwyx
Utility,fwcfa,Romantic
Essential,vdjsi
Luxury,fowcf
Utility,wivrd,Romantic
Utility,oklwq,Romantic
Essential,rcrbl
Luxury,dliwf
Utility,szrki,Standard
Luxury,rdpci
Utility,dpbhf,Normal
Essential,poicd
Essential,hnenl
Essential,dcpci
Essential,lzpco
Utility,otdfy,Romantic
Luxury,ogpce
Utility,bnxcv,Awesome
Luxury,weims
Utility,fypif,Standard
Essential,pholz
Luxury,qhsvy
Utility,elsug,Normal
Luxury,mimwf
Luxury,yndhg
Essential,kfzpx
Luxury,hnfod
Luxury,rncwt
Utility,rkghd,Normal
Utility,pybvy,Rare
Essential,ftqcx
Luxury,rrdhm
Luxury,fudiq
Luxury,wkmuz
Essential,gkhvw
Luxury,xbdwx
Luxury,ixrze
Essential,dbvuu
Luxury,cshte
Luxury,zvdfp
Luxury,oasci
Luxury,alhlc
Utility,itupd,Standard
Essential,zyftu
Essential,qunou
Utility,vrjua,Awesome
Luxury,aqgur
Luxury,myhah
Luxury,slmsa
Luxury,fonjw
Utility,dnhve,Romantic
Luxury,wwroa
Luxury,yomda
Utility,knkfh,Romantic
Luxury,sksar
Luxury,xcazq
Utility,xlbdd,Standard
Essential,omghi
Luxury,bvmqy
Essential,jebts
Luxury,qiyxt
Utility,mvqjt,Romantic
Luxury,yahcf
Utility,qguvc,Awesome
Essential,bdiis
Essential,kzoha
Essential,ebkaw
Essential,ikqyg
Essential,myxkb
Utility,wfusa,Rare
Luxury,ydksc
Essential,ujubb
Essential,pbquv
Essential,dugqc
Utility,kyfpx,Romantic
Essential,dbioa
Utility,tndfx,Awesome
Essential,plskn
Essential,vcfja
Luxury,lvdud
Luxury,jsupo
Luxury,fkuum
Luxury,zbfeg
Luxury,vavji
Utility,nssmn,Awesome
Luxury,ffoit
Utility,rydki,Standard
Utility,oizzl,Awesome
Luxury,vviyt
Utility,swnjg,Normal
Essential,wthcg
Essential,pdrvb
Essential,ujjhv
Luxury,rgvcv
Essential,kdegt
Luxury,dkgqk
Luxury,bobrf
Essential,hwszv
Essential,vszqs
Luxury,crthw
Luxury,qxirg
Luxury,mfgnm
Utility,qbtep,Romantic
Utility,wxswp,Standard
Utility,havtf,Rare
Utility,gskwh,Awesome
Utility,erkjn,Rare
Utility,bdnye,Standard
Utility,vjttc,Rare
Essential,raavf
Utility,fmerw,Normal
Essential,brnik
