Single,normal,unvtb
Single,desperate,kzyzo
Single,choosy,repsl
Single,desperate,whcmc
Single,normal,fbkmc
Single,choosy,ceejo
Single,desperate,gztxk
Single,normal,fsrvf
Single,choosy,avhzd
Single,normal,pdnxe
Single,normal,xukot
Single,desperate,olhie
Single,desperate,ezyeo
Single,desperate,gygtz
Single,choosy,dejyd
Single,desperate,gvvlz
Single,desperate,ulpdn
Single,desperate,ewlzt
Single,desperate,elhfp
Single,choosy,scucw
Single,normal,unhny
Single,desperate,gtvvs
Single,desperate,azsbb
Single,choosy,gnqfo
Single,choosy,efloa
Single,desperate,fdnsy
Single,choosy,treib
Single,choosy,dqamu
Single,choosy,rszvc
Single,desperate,wfazc
Single,normal,whcbe
Single,choosy,vqftr
Single,choosy,fgclk
Single,desperate,vyuvh
Single,normal,evgyr
Single,choosy,qhjaz
Single,normal,cmfyl
Single,normal,cxwqz
Single,choosy,xrnaq
Single,choosy,aqhdr
Single,normal,gqhsy
Single,desperate,oakai
Single,normal,pvrko
Single,choosy,qivdm
Single,desperate,ilqff
Single,choosy,cbxor
Single,choosy,nysni
Single,desperate,ojais
Single,desperate,awhzc
Single,normal,jhfil
Single,choosy,ihhwr
Single,normal,jcspv
Single,choosy,zipdf
Single,normal,hettc
Single,choosy,amvil
Single,choosy,bfcdf
Single,choosy,vgbdf
Single,normal,qtimz
Single,desperate,gqubd
Single,normal,gvbvs
Single,normal,xkzqa
Single,choosy,rdyjx
Single,choosy,cmajm
Single,choosy,xcrdq
Single,normal,hqrho
Single,choosy,iiuon
Single,desperate,vmeie
Single,desperate,dhihs
Single,choosy,zrfrm
Single,choosy,nnpeb
Single,desperate,tsxjk
Single,choosy,mwkhn
Single,desperate,vjbxa
Single,desperate,vlael
Single,desperate,zfqsy
Single,choosy,uigmo
Single,desperate,ueroh
Single,choosy,aidzn
Single,normal,kslxk
Single,desperate,hhfyu
Single,desperate,lqorw
Single,desperate,gfzzj
Single,desperate,xyovz
Single,desperate,dqskz
Single,desperate,zensm
Single,desperate,embnm
Single,choosy,bllgk
Single,desperate,nhzqc
Single,choosy,fqogm
Single,normal,bredm
Single,desperate,vmtzn
Single,choosy,uxdbj
Single,normal,adtsx
Single,choosy,rpjuy
Single,desperate,cedvg
Single,desperate,yvotp
Single,normal,twqxd
Single,desperate,rkfqi
Single,desperate,tdaji
Single,desperate,rohzz
Single,choosy,ldbef
Single,normal,pmfss
Single,normal,bwhdt
Single,choosy,iyrvi
Single,choosy,qsasb
Single,desperate,wggdx
Single,desperate,jrqxm
Single,desperate,sfbvw
Single,choosy,rfxwv
Single,choosy,hgnqk
Single,normal,wfaoy
Single,normal,otiff
Single,choosy,mrnxe
Single,normal,jksvs
Single,choosy,mcgcb
Single,desperate,djxvr
Single,desperate,vpohq
Single,normal,zmvvn
Single,choosy,quscv
Single,desperate,blrsc
Single,desperate,rtwzq
Single,desperate,zjiio
Single,normal,jzymn
Single,desperate,cmrce
Single,desperate,vljpq
Single,normal,mxgkt
Single,choosy,sdyki
Single,desperate,ehuzh
Single,choosy,pxqdq
Single,choosy,ulevf
Single,normal,vspbb
Single,normal,qgxqb
Single,desperate,lscdr
Single,desperate,rdoyd
Single,choosy,pcvsg
Single,desperate,ljkep
Single,desperate,qismf
Single,normal,clsfu
Single,normal,ahtfh
Single,desperate,uluae
Single,desperate,qtnol
Single,desperate,bnadj
Single,normal,odqdw
Single,desperate,yugto
Single,normal,gpntt
Single,choosy,uzgye
Single,choosy,tcyxa
Single,desperate,ueghc
Single,choosy,rknyf
Single,desperate,etkfi
Single,choosy,btrtw
Single,desperate,otyhn
Single,choosy,khsaw
Single,desperate,niejn
Single,choosy,jkgim
Single,choosy,pojgo
Single,desperate,eqbrw
Single,normal,vmxvk
Single,desperate,snklc
Single,normal,sfhbh
Single,normal,gveyo
Single,normal,ulfkr
Single,choosy,uwsps
Single,normal,vrrpn
Single,normal,qkccr
Single,choosy,eeplp
Single,normal,qisqu
Single,normal,gxpct
Single,desperate,hybdd
Single,choosy,ljggv
Single,desperate,pocig
Single,desperate,bncrt
Single,choosy,adqvo
Single,choosy,aktud
Single,choosy,svsua
Single,normal,nucsl
Single,desperate,xpkyx
Single,normal,nings
Single,normal,xylix
Single,choosy,fybss
Single,choosy,enzva
Single,normal,ujdhg
Single,choosy,dcxpe
Single,normal,mslcs
Single,desperate,pmhag
Single,choosy,hyzuj
Single,normal,plgbr
Single,normal,vcqog
Single,choosy,mnykf
Single,choosy,rgoul
Single,normal,nvfvt
Single,normal,rwtpy
Single,desperate,lolmo
Single,choosy,zxfpa
Single,choosy,taxwt
Single,desperate,meevf
Single,normal,gfenl
Single,desperate,rlwgp
Single,normal,zmbea
Single,choosy,sopzk
Single,normal,knulm
Single,normal,hwjgj
Single,choosy,rpiwh
Single,normal,jxujn
Single,choosy,ydzwt
Single,desperate,xggau
Single,desperate,xfvig
Single,desperate,stnco
Single,choosy,mjhqq
Single,choosy,jllrx
Single,choosy,trhhi
Single,normal,dxzmn
Single,normal,lgypa
Single,normal,znubt
Single,choosy,zqywm
Single,normal,ulwcw
Single,choosy,soulv
Single,desperate,cpiqd
Single,desperate,igkpi
Single,desperate,ncgaz
Single,desperate,ywmbo
Single,choosy,nvppk
Single,choosy,pjapa
Single,normal,vvxam
Single,normal,vorls
Single,desperate,ztasr
Single,choosy,ciqcs
Single,choosy,ffane
Single,choosy,qjrhi
Single,desperate,bchlq
Single,desperate,ktlza
Single,desperate,flmdp
Single,desperate,gdkuc
Single,choosy,bmjmv
Single,choosy,raijb
Single,normal,epwqh
Single,desperate,kmpfg
Single,normal,mgnpz
Single,normal,btorl
Single,normal,eiqik
Single,desperate,yzlrk
Single,desperate,okmph
Single,desperate,bspws
Single,normal,kureo
Single,normal,zivae
Single,desperate,aemej
Single,desperate,qavtp
Single,normal,vjleb
Single,choosy,uqafi
Single,choosy,lugld
Single,choosy,hcxpq
Single,normal,iqlir
Single,choosy,rdtha
Single,normal,wwdyl
Single,desperate,bfehc
Single,choosy,fsvgs
Single,normal,uvjur
Single,desperate,tqsst
Single,desperate,minuu
Single,choosy,wgcrp
Single,desperate,buhis
Single,desperate,erjbm
Single,choosy,cdpnh
Single,choosy,exrwd
Single,desperate,eqoig
Single,desperate,occwu
Single,normal,fcxmb
Single,desperate,zzboo
Single,choosy,xlobw
Single,normal,lryyj
Single,choosy,nxpwf
Single,normal,mszia
Single,choosy,qigqc
Single,normal,hefmh
Single,desperate,gogsa
Single,normal,lztab
Single,desperate,erxej
Single,normal,oseob
Single,choosy,vwxew
Single,normal,xcbuy
Single,desperate,ajlnh
Single,choosy,wafvz
Single,choosy,tfgpw
Single,normal,jwjmb
Single,normal,umokp
Single,choosy,unrmh
Single,choosy,lecqm
Single,choosy,cqtrb
Single,choosy,xfsoc
Single,desperate,iqjtl
Single,choosy,isjrm
Single,choosy,flrac
Single,choosy,rbjgv
Single,normal,rbkpo
Single,desperate,qgepq
Single,normal,igevw
Single,desperate,eatub
Single,desperate,jenoc
Single,desperate,auhhn
Single,normal,jvoay
Single,normal,wevty
Single,choosy,adedr
Single,desperate,lqneh
Single,normal,pxrcc
Single,normal,rcddw
Single,normal,fhixg
Single,desperate,mcnna
Single,desperate,tbccz
Single,normal,pfnhr
Single,normal,xpodx
Single,choosy,ymqtd
Single,desperate,npqvy
Single,normal,fsuvv
Single,choosy,ohuzv
Single,choosy,mnvjt
Single,desperate,feeso
Single,normal,flrsj
Single,desperate,geefk
Single,normal,kkfnk
Single,normal,jimbq
Single,normal,vfvdn
Single,normal,lzbpk
Single,normal,bxkyb
Single,desperate,xyxpx
Single,normal,mpqwd
Single,choosy,bowab
Single,desperate,cjwma
Single,choosy,qfvij
Single,normal,jllem
Single,choosy,tahpu
Single,choosy,zsjae
Single,normal,vxaem
Single,choosy,sulwr
Single,normal,ljzly
Single,desperate,njacx
Single,normal,vrdrf
Single,desperate,prjep
Single,normal,appib
Single,desperate,rqlpt
Single,desperate,zglji
Single,desperate,lyhje
Single,choosy,abfxa
Single,desperate,abdnq
Single,desperate,glwlm
Single,normal,kxcrr
Single,choosy,ojmxx
Single,choosy,pstbo
Single,normal,gtajq
Single,normal,tdnul
Single,desperate,bthrf
Single,desperate,oxhtn
Single,desperate,fbars
Single,normal,amlof
Single,choosy,xtmqm
Single,choosy,hwbci
Single,desperate,cseyf
Single,choosy,dxdkr
Single,normal,uqpnh
Single,normal,dszer
Single,normal,ofhjn
Single,desperate,ecpsj
Single,choosy,wwgnj
Single,choosy,uwmyl
Single,desperate,qmqcp
Single,normal,cwcas
Single,desperate,zosni
Single,desperate,vdjem
Single,desperate,xmkzk
Single,choosy,ufrnm
Single,desperate,fgfbt
Single,desperate,zlsjq
Single,normal,wsdjy
Single,normal,ugore
Single,choosy,aqffm
Single,normal,qzmwc
Single,normal,tikdr
Single,normal,ppzba
Single,desperate,syfkc
Single,normal,ppzwp
Single,choosy,zlncu
Single,normal,vwoov
Single,desperate,pauqj
Single,desperate,rjaum
Single,normal,mkxzn
Single,choosy,stqcd
Single,choosy,gytmk
Single,choosy,rftph
Single,desperate,mroai
Single,desperate,kjbuu
Single,normal,drjsr
Single,desperate,bxacg
Single,desperate,xixnx
Single,choosy,lbacj
Single,desperate,tkzwc
Single,desperate,inele
Single,normal,qeyvw
Single,normal,iklwb
Single,choosy,uefko
Single,desperate,cniuo
Single,normal,invgz
Single,normal,koisx
Single,normal,fawhi
Single,choosy,mmhhq
Single,normal,gjjsa
Single,choosy,oohxy
Single,normal,qfuhv
Single,normal,gsxpt
Single,normal,njvhn
Single,desperate,jkkfd
Single,normal,ijxtc
Single,choosy,wsymn
Single,desperate,vmxxv
Single,normal,jdkmb
Single,desperate,hpkys
Single,desperate,jrxbn
Single,desperate,vkhrv
Single,normal,xubdc
Single,normal,tfbqn
Single,choosy,eqcch
Single,normal,kfdmi
Single,desperate,descn
Single,desperate,vzrsg
Single,choosy,ewnja
Single,normal,cyucy
Single,choosy,ziglx
Single,desperate,pfxog
Single,normal,ofqrs
Single,normal,ajzau
Single,desperate,potix
Single,desperate,qqdbh
Single,normal,xbtgh
Single,choosy,gnssp
Single,choosy,ivyql
Single,choosy,oseot
Single,desperate,knjnq
Single,desperate,nvxgv
Single,normal,zcwdq
Single,desperate,sswho
Single,desperate,jqcjo
Single,normal,indli
Single,desperate,buagc
Single,desperate,xhxft
Single,normal,sbbvl
Single,normal,ijrdy
Single,normal,augea
Single,desperate,ylool
Single,desperate,kvcdz
Single,desperate,hbowr
Single,normal,ogfrr
Single,desperate,hwwsv
Single,desperate,uqbut
Single,choosy,xflfo
Single,desperate,pyjoh
Single,desperate,fxxep
Single,normal,kvigh
Single,choosy,fljug
Single,desperate,neyhq
Single,desperate,pdtfp
Single,choosy,tmxti
Single,normal,peybx
Single,choosy,edlrf
Single,desperate,ejmgd
Single,normal,ncauj
Single,choosy,wyzeq
Single,normal,qcsbl
Single,choosy,twbkd
Single,normal,qdvts
Single,desperate,krgdc
Single,choosy,bylir
Single,desperate,plpva
Single,choosy,szfjp
Single,choosy,boxbs
Single,desperate,fwqhm
Single,normal,turyo
Single,choosy,rceep
Single,desperate,vhvny
Single,normal,jehcn
Single,choosy,poacp
Single,choosy,ypheq
Single,normal,hfbmf
Single,choosy,uteya
Single,choosy,tlrkp
Single,normal,fbvrw
Single,normal,wrfqi
Single,normal,wsxkz
Single,choosy,msjmp
Single,normal,zrvdu
Single,normal,qdbha
Single,desperate,avqmv
Single,desperate,fwrsz
Single,choosy,yjred
Single,normal,ujxjn
Single,choosy,xdwtf
Single,choosy,xkwnh
Single,desperate,zvnoe
Single,desperate,hszis
Single,normal,tdhhj
Single,normal,vyxda
Single,desperate,zvfov
Single,normal,pldny
Single,choosy,apwau
Single,desperate,gqbbo
Single,choosy,qqaxc
Single,desperate,lksxa
Single,normal,ioips
Single,choosy,uwnqz
Single,choosy,tlodw
Single,desperate,pludn
Single,normal,riapb
Single,choosy,lexiu
Single,desperate,serhi
Single,choosy,utkby
Single,desperate,rddec
Single,choosy,cknnu
Single,normal,dxnut
Single,choosy,ubbfo
Single,desperate,mkmhf
Single,normal,cacnu
Single,normal,vcudu
Single,normal,lpalx
Single,choosy,xfubg
Single,choosy,edwtp
Single,desperate,dmduw
Single,choosy,ugjfy
Single,desperate,vkysy
Single,normal,qmzck
Single,normal,rslhn
Single,normal,aisah
Single,normal,qzrrs
Single,choosy,hhrgt
Single,normal,fsmug
Single,choosy,ofmzr
Single,desperate,tfmjn
Single,desperate,pfagz
Single,normal,almvg
Single,desperate,wcjey
Single,desperate,fozsf
Single,desperate,jqcje
Single,choosy,sxwaj
Single,choosy,zivno
Single,choosy,xbcsl
Single,desperate,gsydv
Single,desperate,pdjht
Single,normal,gvfhc
Single,choosy,ijbcg
Single,normal,ionat
Single,normal,gsmii
Single,normal,idqdm
Single,desperate,pldqm
Single,desperate,wykst
Single,desperate,ogabg
Single,desperate,edslq
Single,choosy,okmkc
Single,desperate,nmrkb
Single,normal,tdjxz
Single,desperate,vtfzx
Single,desperate,nnzst
Single,choosy,gppyp
Single,normal,gekfa
Single,choosy,osqma
Single,desperate,tujtc
Single,desperate,cbfnq
Single,choosy,nvlfh
Single,normal,wnwru
Single,choosy,ysgvf
Single,normal,ohwqq
Single,choosy,ciovm
Single,normal,noimf
Single,choosy,rkelr
Single,desperate,oiqtp
Single,normal,hogbd
Single,desperate,ajuaa
Single,choosy,rbril
Single,desperate,liwed
Single,choosy,lstve
Single,choosy,offcl
Single,desperate,ulimw
Single,choosy,itzwy
Single,normal,ajiom
Single,choosy,mcjbs
Single,normal,rafqr
Single,normal,vtnqx
Single,normal,irxwz
Single,normal,rhxjx
Single,choosy,womvg
Single,normal,efiee
Single,normal,jsplz
Single,desperate,stkqq
Single,choosy,fmahf
Single,desperate,yiucp
Single,desperate,jiyml
Single,choosy,jkmsw
Single,normal,deylv
Single,choosy,ikywt
Single,choosy,agasb
Single,normal,cmyru
Single,desperate,eqckx
Single,normal,dicoh
Single,normal,nimzb
Single,desperate,doabf
Single,normal,qabwz
Single,desperate,rozxm
Single,normal,kceqj
Single,normal,ysiww
Single,choosy,qiilu
Single,desperate,jqghh
Single,desperate,rhuoo
Single,choosy,zxyxa
Single,normal,sxbmf
Single,normal,htumo
Single,choosy,kucvk
Single,desperate,pywjd
Single,normal,twlhg
Single,choosy,rpxmq
Single,normal,qqjht
Single,normal,pfwrd
Single,choosy,ormgc
Single,desperate,vqini
Single,desperate,jptlr
Single,normal,wulpc
Single,desperate,exjob
Single,desperate,owvqs
Single,desperate,azytf
Single,desperate,wwvfw
Single,desperate,jpxnz
Single,desperate,kawbk
Single,desperate,bifhz
Single,desperate,uqgem
Single,normal,cvblk
Single,normal,zaggu
Single,choosy,mhbsw
Single,normal,gtudj
Single,desperate,nvqti
Single,desperate,wefdu
Single,desperate,uoiyj
Single,normal,iikrq
Single,normal,jqegh
Single,choosy,vuqwg
Single,desperate,wypqc
Single,normal,tfoom
Single,choosy,uckua
Single,normal,jhtbo
Single,desperate,eblfk
Single,normal,sxsyz
Single,choosy,jzcsy
Single,desperate,dcuiz
Single,desperate,irtpl
Single,choosy,qpvwx
Single,choosy,auczx
Single,choosy,whcvv
Single,desperate,etrog
Single,normal,jcszt
Single,desperate,osdrr
Single,normal,czpgv
Single,desperate,egiws
Single,choosy,yxjhr
Single,normal,wxltw
Single,desperate,tbegs
Single,normal,eegog
Single,choosy,hzhka
Single,choosy,osqet
Single,normal,zsxoz
Single,desperate,jbaul
Single,choosy,rvclj
Single,normal,rvuza
Single,choosy,bjsfn
Single,choosy,kmgjk
Single,choosy,fukxz
Single,choosy,yxbpf
Single,desperate,ulfps
Single,choosy,zufon
Single,normal,vuzzm
Single,desperate,vmbhk
Single,choosy,tqnps
Single,choosy,ufjrb
Single,choosy,flyju
Single,desperate,bjehi
Single,normal,ytdvz
Single,normal,zitme
Single,choosy,nmnwh
Single,desperate,fqwec
Single,desperate,ezxqw
Single,choosy,nifyf
Single,desperate,eiamq
Single,desperate,tpcyi
Single,choosy,wkkpj
Single,desperate,ebaho
Single,desperate,llttt
Single,normal,ljugs
Single,desperate,xsqug
Single,normal,oqdtj
Single,choosy,msrrd
Single,desperate,fdaoq
Single,choosy,femeb
Single,normal,vwgxz
Single,desperate,cqlfv
Single,desperate,udhqn
Single,choosy,nzkjv
Single,choosy,wcabj
Single,normal,rqnlo
Single,choosy,gtayd
Single,desperate,mlcby
Single,desperate,esyiw
Single,choosy,qehth
Single,choosy,cbgnk
Single,choosy,evkre
Single,normal,dddmq
Single,choosy,teczv
Single,choosy,gaghg
Single,desperate,xuoej
Single,desperate,smoes
Single,choosy,ngfjr
Single,normal,zahaq
Single,normal,wcwoi
Single,desperate,lulpc
Single,choosy,wjall
Single,choosy,zveyp
Single,choosy,fqfna
Single,normal,dteul
Single,normal,kwqnr
Single,desperate,exlif
Single,normal,zzghh
Single,choosy,slacm
Single,normal,glyfs
Single,desperate,mojvo
Single,choosy,eqneg
Single,choosy,hczfh
Single,normal,dmoff
Single,choosy,yzlub
Single,desperate,qugrt
Single,desperate,ffpzy
Single,choosy,nxlxj
Single,desperate,mhqwz
Single,choosy,hokvp
Single,choosy,kkbjf
Single,normal,ifngv
Single,desperate,gdpqa
Single,desperate,bbxsb
Single,choosy,pgims
Single,choosy,hljji
Single,choosy,vsdwb
Single,normal,bbtjs
Single,choosy,rccst
Single,choosy,stztz
Single,choosy,oytug
Single,desperate,oufgg
Single,desperate,prrub
Single,choosy,ntcpc
Single,normal,kcoln
Single,choosy,jgzej
Single,normal,cnkql
Single,desperate,ottcy
Single,choosy,gjptv
Single,normal,mrsog
Single,choosy,ligrc
Single,desperate,pwadx
Single,normal,roces
Single,choosy,foxdd
Single,choosy,qcgae
Single,normal,mlmlr
Single,choosy,oybxw
Single,normal,kyryd
Single,normal,csteu
Single,normal,gxcxw
Single,normal,pnifo
Single,desperate,qhtvu
Single,choosy,monhy
Single,normal,ggbiv
Single,desperate,pqykz
Single,desperate,ohdvp
Single,choosy,yxdgc
Single,normal,iowjv
Single,desperate,tehkw
Single,normal,kntlk
Single,desperate,jjvar
Single,normal,zkcal
Single,normal,cxrhk
Single,choosy,hivyj
Single,desperate,vugfr
Single,normal,ostvf
Single,normal,sasta
Single,normal,lrfar
Single,choosy,btdxy
Single,normal,mcola
Single,desperate,qmbob
Single,choosy,tohju
Single,choosy,eyxpe
Single,normal,ojjxo
Single,choosy,zzusk
Single,normal,zjxnb
Single,choosy,bmadr
Single,desperate,lygby
Single,desperate,atfrq
Single,choosy,wjfqv
Single,choosy,preae
Single,desperate,jiugb
Single,desperate,erlxb
Single,normal,paurq
Single,desperate,jfjwg
Single,desperate,phlng
Single,normal,ocjvg
Single,normal,kfgge
Single,choosy,kjdhm
Single,choosy,ivkas
Single,normal,jazdu
Single,desperate,joahk
Single,desperate,vuqkm
Single,choosy,bnpfl
Single,desperate,cjetl
Single,choosy,sphal
Single,choosy,nzquc
Single,normal,pcsqi
Single,desperate,bkguh
Single,desperate,czxhf
Single,normal,fcrbj
Single,normal,plcvk
Single,normal,akrbh
Single,normal,tdmdh
Single,normal,diqkh
Single,choosy,wqihr
Single,choosy,jdkkz
Single,choosy,wvnao
Single,choosy,ugqhi
Single,normal,ldsgm
Single,normal,yhzli
Single,normal,kmjav
Single,normal,hwpvp
Single,desperate,rcjeq
Single,choosy,xqhhq
Single,normal,yxqqb
Single,normal,srdel
Single,desperate,ceabv
Single,normal,comqn
Single,normal,ocekr
Single,choosy,pygwo
Single,choosy,apmqp
Single,choosy,aoytg
Single,choosy,nykmr
Single,choosy,lcysk
Single,normal,ymlme
Single,normal,xxojs
Single,desperate,gmwtx
Single,choosy,vayrx
Single,desperate,mamfr
Single,normal,fiuuv
Single,desperate,wtoya
Single,normal,fhirf
Single,choosy,lqsob
Single,desperate,lfmye
Single,normal,wdixj
Single,normal,fekuh
Single,desperate,jqvrp
Single,choosy,iucre
Single,desperate,nmkah
Single,choosy,mvpkk
Single,desperate,corkn
Single,desperate,fojns
Single,normal,mnemh
Single,desperate,lfinc
Single,normal,gihff
Single,desperate,lahsk
Single,choosy,ccxmj
Single,choosy,tkidk
Single,choosy,wljil
Single,choosy,zwibd
Single,desperate,akeol
Single,desperate,elney
Single,desperate,hogkb
Single,desperate,caltg
Single,desperate,ernpk
Single,choosy,sramo
Single,choosy,ddlpq
Single,normal,ezwxx
Single,choosy,xopbo
Single,choosy,asryg
Single,normal,pdaif
Single,desperate,pwymg
Single,normal,awtna
Single,normal,gcxkg
Single,choosy,nlqys
Single,desperate,odxfd
Single,choosy,zjqgn
Single,desperate,vhxap
Single,desperate,ixqnf
Single,choosy,zlbhs
Single,desperate,xaked
Single,normal,upxxg
Single,choosy,mxagg
Single,choosy,gxloz
Single,desperate,cpzua
Single,desperate,klnrj
Single,desperate,fdwln
Single,normal,rlqqo
Single,desperate,gztfp
Single,desperate,bknep
Single,desperate,bkhnq
Single,normal,rkxhr
Single,choosy,kpwob
Single,desperate,zspvp
Single,desperate,moxmq
Single,choosy,eafhh
Single,choosy,jnzqh
Single,normal,ewzjq
Single,normal,dtbxw
Single,desperate,qtfgl
Single,choosy,uyksl
Single,choosy,mtlaz
Single,normal,qzqfv
Single,choosy,louit
Single,desperate,zofki
Single,choosy,xvosx
Single,normal,cmzvy
Single,choosy,kkkmm
Single,normal,bkuoj
Single,choosy,dgccu
Single,normal,brwcx
Single,choosy,iwgrk
Single,choosy,pljwn
Single,desperate,qorpq
Single,desperate,mpnuc
Single,normal,ynsws
Single,choosy,smfgw
Single,choosy,xlmyn
Single,desperate,zcuyg
Single,normal,zrhbx
Single,desperate,ikqqz
Single,choosy,fgsbw
Single,choosy,uuttp
Single,choosy,atooc
Single,normal,lkono
Single,choosy,djsch
Single,choosy,ewqic
Single,normal,rjyhi
Single,normal,lhtml
Single,choosy,dxfdk
Single,choosy,pmtun
Single,choosy,wdjkt
Single,desperate,sqhyn
Single,normal,uvnpx
Single,desperate,hwhth
Single,desperate,cwjcv
Single,normal,ksnet
Single,choosy,gxvyf
Single,choosy,iwfdv
Single,desperate,udoke
Single,normal,pyplb
Single,normal,qlauk
Single,choosy,wmemu
Single,desperate,wffwa
Single,choosy,wctif
Single,desperate,rcmyn
Single,normal,lwfyg
Single,desperate,ufoqv
Single,normal,rfesb
Single,normal,cnrkl
Single,desperate,zekxu
Single,choosy,wlwll
Single,desperate,paapp
Single,desperate,vixea
Single,normal,mvqzr
Single,desperate,rrwxr
Single,choosy,plrgb
Single,choosy,zhxcx
Single,choosy,dthqk
Single,desperate,fyxpc
Single,choosy,jrpcd
Single,choosy,vyxkl
Single,normal,qkyah
Single,normal,afrhh
Single,choosy,yvzem
Single,choosy,vasbd
Single,desperate,jdeqc
Single,normal,hzwit
Single,normal,avlxn
Single,desperate,nkcnf
Single,choosy,ooqmw
Single,choosy,ggclk
Single,desperate,xegjq
Single,choosy,ljjjj
Single,normal,hidon
Single,choosy,oqogt
Single,desperate,wfxas
Single,choosy,iikek
Single,choosy,esfwx
Single,desperate,jitnh
Single,normal,nhbju
Single,choosy,utvll
Single,choosy,bteek
Single,desperate,ddudj
Single,desperate,oavoe
Single,desperate,wmeue
Single,desperate,kjyvg
Single,desperate,fqzho
Single,choosy,esupe
Single,normal,luxnz
Single,desperate,yvpqk
Single,choosy,vttsn
Single,choosy,ujxkr
Single,choosy,kigzr
Single,choosy,mdopl
Single,normal,kdobt
Single,choosy,mkukg
Single,choosy,wsciv
Single,desperate,qajsv
Single,normal,ffvlv
Single,choosy,qdymy
Single,desperate,vethk
Single,choosy,vezdj
Single,choosy,yhzii
Single,normal,oreuq
Single,desperate,tqzby
Single,desperate,lucbz
Single,normal,rxltg
Single,desperate,zprdb
Single,choosy,bxdno
Single,normal,sodpf
Single,choosy,pirlz
Single,desperate,flmrs
Single,desperate,hxydg
Single,normal,ewmtr
Single,normal,iwogn
Single,choosy,cbebq
Single,desperate,vfrbw
Single,choosy,bltvs
Single,choosy,imqud
Single,desperate,qrkko
Single,desperate,ebbbo
Single,normal,codll
Single,choosy,texik
Single,desperate,qmnnn
Single,normal,yvasp
Single,desperate,ischc
Single,normal,bdthc
Single,choosy,mnbrd
Single,desperate,gjmjg
Single,choosy,ldhzg
Single,normal,kpcno
Single,desperate,djgwk
Single,choosy,oquar
Single,choosy,llypo
Single,choosy,oewar
Single,choosy,wmdwi
Single,desperate,cvcdw
Single,choosy,ozeil
Single,normal,xuyhy
Single,desperate,dunhy
Single,choosy,caewp
Single,desperate,nyhdl
Single,normal,qpabg
Single,normal,uqxcx
Single,choosy,dvtoq
Single,choosy,hfwln
Single,normal,aycnm
Single,normal,jltgv
Single,choosy,iwxya
Single,choosy,ubkoy
Single,desperate,yefwd
Single,normal,pwuku
Single,choosy,vmpik
Single,choosy,zqmog
Single,choosy,uvqyp
Single,normal,ylipq
Single,normal,tayle
Single,choosy,zjetp
Single,normal,vfatt
Single,desperate,vlefs
Single,desperate,qzabv
Single,desperate,shbcj
Single,choosy,ddyyw
Single,desperate,bkdyo
Single,choosy,lrddg
Single,desperate,mvifa
Single,choosy,tziyr
Single,choosy,cgzfi
Single,desperate,asxyp
Single,normal,rtlqk
Single,desperate,juriv
Single,choosy,kbpeh
Single,normal,lqjyx
Single,desperate,txyzt
Single,desperate,uiwfc
Single,normal,smmpc
Single,normal,tcnpj
Single,normal,hvvaf
Single,choosy,qluqx
Single,normal,wptha
Single,desperate,noeit
Single,choosy,dfyvb
Single,desperate,njjvh
Single,desperate,epdta
Single,choosy,frafk
Single,desperate,dutsk
Single,normal,lttbe
Single,desperate,kqhgt
Single,normal,feggx
Single,normal,awlpc
Single,desperate,evgno
Single,normal,otkfj
Single,choosy,zuper
Single,desperate,etipi
Single,normal,pemjh
Single,normal,asegj
Single,normal,njdie
Single,desperate,uvfne
Single,choosy,ugzcu
Single,normal,wljnd
Single,normal,okobh
Single,desperate,xaowd
Single,desperate,jhuvr
Single,choosy,jmmet
Single,desperate,xnqjq
Single,normal,glvvn
Single,choosy,iuxbl
Single,normal,subou
Single,choosy,xtfai
Single,desperate,ahzpi
Single,normal,uylzc
Single,desperate,pmiiy
Single,normal,pupsd
Single,desperate,tuxxg
Single,normal,dvlde
Single,normal,cddxz
Single,desperate,bhymb
Single,desperate,llcqy
Single,desperate,tlvtq
Single,normal,akaob
Single,choosy,bxbsb
Single,normal,egrvc
Single,normal,iowbp
Single,normal,vrenh
Single,normal,iuyce
Single,choosy,sxcxw
Single,desperate,yejgq
Single,desperate,reuyn
Single,normal,pfaxr
Single,desperate,ehuhm
Single,normal,rpzoh
Single,normal,dzwan
Single,desperate,mxqwd
Single,choosy,dswzc
Single,normal,tumrq
Single,choosy,axifb
Single,choosy,eccoo
Single,choosy,jilli
Single,normal,ktrcs
Single,choosy,pskvq
Single,desperate,fnnrm
Single,normal,dlflx
Single,normal,hvckn
Single,choosy,jwhfm
Single,choosy,aurif
Single,choosy,jmkff
Single,choosy,wxvmf
Single,choosy,yltae
Single,desperate,ispkn
Single,desperate,nksdp
Single,desperate,ikhsz
Single,normal,sbnyv
Single,choosy,samja
Single,choosy,nvcts
Single,choosy,emkuw
Single,normal,vohsl
Single,desperate,fvoir
Single,choosy,izmuu
Single,desperate,rwide
Single,normal,igock
Single,desperate,wliay
Single,normal,wdxgj
Single,choosy,fcktb
Single,choosy,qlcic
Single,desperate,ijida
Single,normal,opolo
Single,desperate,uaqot
Single,desperate,osgar
Single,desperate,ndkru
Single,desperate,yjkkr
Single,normal,ancxm
Single,normal,jgrtg
Single,choosy,ntcrf
Single,normal,zrhms
Single,normal,ucfdk
Single,choosy,wjnau
Single,choosy,zovic
Single,normal,fmgfn
Single,desperate,hsvgl
Single,normal,ezkhd
Single,choosy,gmjmz
Single,normal,tbltc
Single,choosy,prnnw
Single,choosy,boabk
Single,choosy,blfph
Single,desperate,lxjke
Single,normal,xbdiy
Single,choosy,vkswr
Single,desperate,tvcyf
Single,normal,ntzwn
Single,normal,npewv
Single,normal,bkisg
Single,choosy,gzvmg
Single,normal,ggnoo
Single,normal,xbmdp
Single,choosy,chmsg
Single,desperate,cnltc
Single,choosy,kcpqc
Single,choosy,rwvgg
Single,choosy,shdns
Single,choosy,bkpgk
Single,choosy,gsaul
Single,choosy,sjpje
Single,desperate,uuogu
Single,choosy,kexmw
Single,choosy,wjkuy
Single,normal,djpuk
Single,desperate,gfzap
Single,choosy,zwlrp
Single,choosy,jmvqw
Single,desperate,wcuss
Single,choosy,dqcer
Single,normal,wakgo
Single,choosy,urkmb
Single,normal,uzysm
Single,desperate,ulqjp
Single,normal,hcpab
Single,normal,morut
Single,desperate,gewij
Single,choosy,fefic
Single,normal,llsol
Single,normal,qvbgw
Single,desperate,tjvmk
Single,normal,rytlt
Single,choosy,whdgr
Single,desperate,jaizh
Single,choosy,wwhms
Single,choosy,avtsw
Single,normal,ciidm
Single,desperate,rdbhu
Single,normal,yondl
Single,normal,npwqr
Single,choosy,lzykc
Single,choosy,tlazd
Single,normal,bdkxr
Single,desperate,wkpob
Single,choosy,ymtka
Single,choosy,fwmag
Single,normal,xppsk
Single,choosy,zyojz
Single,normal,kgvtx
Single,choosy,hrqaq
Single,choosy,vooch
Single,choosy,kwwjv
Single,normal,pqrpj
Single,desperate,quwlx
Single,desperate,vwhvp
Single,choosy,qabbk
Single,choosy,mzzgc
Single,desperate,xoddj
Single,normal,cphmx
Single,desperate,qyrtf
Single,desperate,nrvdt
Single,normal,pkpwh
Single,normal,glwck
Single,desperate,jcubp
Single,desperate,dbxgo
Single,normal,gpapt
Single,desperate,qcteq
Single,normal,uvhoy
Single,desperate,uvlln
Single,desperate,zgvyb
Single,choosy,aylra
Single,normal,jsonz
Single,desperate,ayzuc
Single,desperate,eduos
Single,desperate,cvzhx
Single,desperate,srxpx
Single,normal,cyfze
Single,normal,pprue
Single,normal,hcpbg
Single,normal,vwwdy
Single,desperate,teuoh
Single,normal,suwrf
Single,normal,czpan
Single,normal,lsbud
Single,desperate,usxsl
Single,desperate,xtvud
Single,choosy,yvbrm
Single,choosy,qziwy
Single,desperate,dlwyp
Single,normal,nsuws
Single,normal,mkprv
Single,desperate,fknkf
Single,normal,ufgmy
Single,normal,zciiz
Single,choosy,wiwwu
Single,normal,idjmx
Single,choosy,dvfai
Single,desperate,iniwp
Single,normal,ktvlm
Single,choosy,pzhit
Single,choosy,bphff
Single,desperate,pkozf
Single,normal,ewktx
Single,normal,fpvqj
Single,normal,cuhua
Single,desperate,dquke
Single,choosy,avngu
Single,normal,unaba
Single,normal,pdxsx
Single,choosy,hcmqf
Single,choosy,sgajb
Single,normal,jymlw
Single,normal,zlgzx
Single,desperate,cyeoq
Single,normal,vhhfw
Single,desperate,layrs
Single,choosy,dmoam
Single,choosy,zwgzf
Single,desperate,enuyg
Single,choosy,dqcco
Single,normal,zyzmn
Single,choosy,sebuy
Single,normal,ibnqm
Single,normal,ymzty
Single,normal,xhkxx
Single,normal,bxlsr
Single,normal,yfvqn
Single,normal,rzqdv
Single,desperate,lclrt
Single,normal,qglpe
Single,choosy,rnxpr
Single,choosy,kabjy
Single,choosy,gbfht
Single,choosy,llqwg
Single,normal,bgefz
Single,choosy,eiejb
Single,choosy,uzvkt
Single,desperate,qkprh
Single,desperate,ejiwj
Single,normal,ftnrf
Single,desperate,bvqdr
Single,normal,vxkgs
Single,normal,wqzvs
Single,normal,hcdfp
Single,desperate,vjfmm
Single,choosy,gjfpe
Single,normal,tcmfz
Single,normal,jwcjt
Single,desperate,rhlwo
Single,choosy,gryhs
Single,desperate,aelaf
Single,choosy,xofoj
Single,choosy,icacj
Single,desperate,pqodc
Single,choosy,peiob
Single,normal,cwscl
Single,choosy,pussg
Single,choosy,eqvgn
Single,choosy,trpff
Single,desperate,ourem
Single,desperate,jfezu
Single,choosy,cxgmu
Single,desperate,kvkvy
Single,choosy,bmfzh
Single,normal,zvnwf
Single,normal,cjono
Single,desperate,syrji
Single,desperate,awmrc
Single,desperate,xjycr
Single,choosy,zrkzn
Single,desperate,ljcsg
Single,normal,avbfb
Single,normal,nzfin
Single,normal,yxyzy
Single,desperate,giabi
Single,desperate,lejnf
Single,choosy,vaszv
Single,choosy,uzngs
Single,normal,cdhcj
Single,normal,gqlop
Single,normal,rvloc
Single,desperate,tuhcz
Single,normal,vhlfu
Single,choosy,pzajs
Single,normal,xmwpk
Single,normal,vzvvx
Single,normal,kiacp
Single,desperate,spdxt
Single,choosy,tkoti
Single,desperate,brcha
Single,normal,wcern
Single,desperate,ufuls
Single,normal,tfvke
Single,normal,duwto
Single,desperate,mvtpk
Single,normal,txfcd
Single,normal,fmkbd
Single,normal,fexta
Single,desperate,rjqnk
Single,desperate,japln
Single,desperate,vbvla
Single,normal,tipmh
Single,choosy,niqql
Single,choosy,vtoxw
Single,choosy,kogwq
Single,normal,xwdbi
Single,normal,byaet
Single,normal,shnzt
Single,choosy,cfoua
Single,desperate,jsllh
Single,normal,sageb
Single,normal,dsiyt
Single,desperate,dodxy
Single,choosy,srcmb
Single,normal,urqvm
Single,choosy,cxuyn
Single,choosy,diili
Single,desperate,ttscc
Single,normal,jbgsh
Single,choosy,zzdcs
Single,choosy,nlybs
Single,choosy,akzrj
Single,choosy,dgggy
Single,normal,koxgq
Single,normal,tetau
Single,normal,qrbfd
Single,choosy,tfszv
Single,choosy,xodtv
Single,desperate,xxjil
Single,desperate,mxmmp
Single,normal,rfxxc
Single,normal,hxwgg
Single,desperate,fbqmh
Single,normal,nrjjd
Single,choosy,wkrmx
Single,choosy,frbrl
Single,desperate,crchm
Single,desperate,pmjys
Single,choosy,auqhy
Single,normal,ixubq
Single,choosy,zspfg
Single,choosy,jyylm
Single,desperate,afhjm
Single,normal,gfyap
Single,desperate,dqrsk
Single,desperate,mtixi
Single,normal,wcube
Single,choosy,wnkrw
Single,choosy,mwmsz
Single,choosy,lqyne
Single,normal,nhxad
Single,normal,kmvlg
Single,normal,gifjn
Single,normal,kplek
Single,choosy,bnfuk
Single,choosy,pbxwk
Single,normal,tlfcp
Single,desperate,vbuer
Single,normal,dbkyg
Single,normal,ezvak
Single,choosy,oztjf
Single,choosy,koiye
Single,normal,bsaia
Single,desperate,wxymc
Single,desperate,qhcho
Single,desperate,iodfs
Single,desperate,nfbeb
Single,desperate,hpvux
Single,normal,ubqto
Single,choosy,szjgh
Single,normal,uutle
Single,choosy,xoncm
Single,desperate,gtavy
Single,desperate,oawch
Single,normal,anxoy
Single,normal,uzboe
Single,choosy,bhedg
Single,normal,ymobh
Single,choosy,nwzmn
Single,choosy,mzimy
Single,desperate,povoi
Single,choosy,sajzz
Single,desperate,fxnmi
Single,desperate,vllly
Single,normal,fqbvq
Single,normal,ocahw
Single,choosy,zyioi
Single,desperate,ycsnm
Single,desperate,tmoat
Single,choosy,lwyyq
Single,normal,twmwa
Single,normal,fwwxy
Single,desperate,iqdnq
Single,desperate,gfnmu
Single,normal,bbmsi
Single,normal,yuuqu
Single,choosy,zdski
Single,desperate,lakor
Single,choosy,kejmx
Single,choosy,oeyat
Single,desperate,osral
Single,normal,byqbk
Single,choosy,rbeeg
Single,normal,kvzmg
Single,normal,dgcqr
Single,desperate,qwyqx
Single,normal,agcfs
Single,choosy,awwqt
Single,desperate,fkrvg
Single,normal,yonfn
Single,desperate,qallv
Single,desperate,rxpnj
Single,normal,yymcv
Single,desperate,vlgxw
Single,desperate,wpgrd
Single,desperate,vcuik
Single,choosy,ytsdf
Single,desperate,amxea
Single,normal,rybsd
Single,choosy,xtdre
Single,choosy,jwkax
Single,normal,yegrz
Single,desperate,rmsht
Single,choosy,sspik
Single,normal,wptuc
Single,normal,beucs
Single,choosy,qchem
Single,desperate,mcdpp
Single,normal,pfeyh
Single,normal,ykwiu
Single,normal,zredc
Single,normal,rcllx
Single,choosy,iysuv
Single,normal,jflsx
Single,desperate,ufsot
Single,choosy,eiatz
Single,desperate,dheyy
Single,normal,bubcj
Single,desperate,fogoh
Single,choosy,pgamo
Single,normal,jztpd
Single,choosy,zflfc
Single,choosy,aquex
Single,choosy,evosm
Single,choosy,jeauz
Single,desperate,fmqec
Single,normal,kzvke
Single,normal,nfzmq
Single,desperate,idrah
Single,desperate,fvpzr
Single,desperate,prqco
Single,choosy,jlflx
Single,normal,xlymq
Single,normal,qfzdk
Single,choosy,yrjzo
Single,normal,wccxl
Single,normal,ldkql
Single,normal,wduua
Single,normal,jzxii
Single,choosy,kjtxg
Single,choosy,qjtzj
Single,desperate,kysig
Single,normal,tkzxj
Single,normal,ctnky
Single,desperate,ohhwx
Single,choosy,eonpp
Single,normal,ywnrz
Single,normal,dilkm
Single,choosy,qzsyn
Single,choosy,agkwn
Single,choosy,utvgt
Single,desperate,weeuy
Single,normal,ifbmh
Single,desperate,kypby
Single,normal,zahso
Single,desperate,snhtd
Single,choosy,orgiy
Single,choosy,pnhwf
Single,choosy,wvizq
Single,choosy,kgocv
Single,normal,iczgp
Single,desperate,ujdoy
Single,choosy,treys
Single,desperate,tacjm
Single,desperate,apdot
Single,desperate,jypzf
Single,choosy,ktehy
Single,choosy,ickmb
Single,choosy,uafxs
Single,desperate,tpxos
Single,choosy,riigr
Single,choosy,dlndj
Single,desperate,zaerb
Single,desperate,gjbmu
Single,choosy,lngsb
Single,choosy,gllrh
Single,normal,cadyk
Single,desperate,stcnv
Single,normal,fwlzp
Single,choosy,oednl
Single,normal,cwlar
Single,choosy,pogmi
Single,choosy,tdlnn
Single,choosy,rqtba
Single,choosy,wujvl
Single,normal,fbixa
Single,choosy,exgdx
Single,choosy,risfg
Single,normal,pvmiq
Single,desperate,dgsaz
Single,normal,dxfgu
Single,normal,ivgqh
Single,choosy,dxyjt
Single,desperate,uxyrd
Single,normal,vhneh
Single,normal,zyrhi
Single,choosy,cghrv
Single,choosy,ejmvr
Single,normal,xiwtn
Single,normal,mbieo
Single,normal,whuay
Single,normal,fgkop
Single,normal,lmoct
Single,choosy,obiyx
Single,normal,xnfxq
Single,normal,gofcz
Single,normal,btgam
Single,choosy,syyyo
Single,normal,ezfwz
Single,desperate,bwpoq
Single,desperate,qpyzi
Single,desperate,ydygj
Single,desperate,aqswl
Single,choosy,cfxmh
Single,choosy,fnzbo
Single,choosy,tupld
Single,desperate,jlqqm
Single,choosy,zchys
Single,choosy,qjghf
Single,choosy,ycrwo
Single,normal,eojmc
Single,choosy,scgsm
Single,normal,sormj
Single,desperate,cdies
Single,normal,wdpvu
Single,desperate,adetn
Single,normal,pzbrg
Single,desperate,iyhrg
Single,choosy,isvpw
Single,choosy,msfna
Single,choosy,qvevw
Single,desperate,vclgc
Single,normal,hrezk
Single,normal,ppydh
Single,normal,ljwuc
Single,choosy,zlosd
Single,normal,eabzj
Single,normal,tzdge
Single,normal,qsakl
Single,desperate,uhwfy
Single,normal,jnbhb
Single,normal,uwtkb
Single,choosy,iudls
Single,normal,stfrt
Single,desperate,aermx
Single,normal,wmqem
Single,desperate,bnpqh
Single,choosy,lrbuo
Single,desperate,ulpoa
Single,desperate,hcpmq
Single,choosy,bquta
Single,desperate,ivhoo
Single,desperate,bbsjb
Single,choosy,jcyxk
Single,desperate,owllh
Single,desperate,hubsk
Single,desperate,nevaj
Single,normal,ilqmf
Single,normal,gluze
Single,choosy,noubu
Single,desperate,xukpt
Single,choosy,sbgou
Single,choosy,amuuh
Single,choosy,wvpju
Single,desperate,mgeot
Single,choosy,fakow
Single,choosy,ohmdv
Single,choosy,dxmjn
Single,desperate,tmxud
Single,choosy,aaiih
Single,choosy,pcwmd
Single,normal,hluiu
Single,desperate,ofcml
Single,choosy,cdcre
Single,desperate,cbunk
Single,choosy,yyjqc
Single,desperate,gevkw
Single,normal,fxgma
Single,choosy,rfvyf
Single,choosy,hpwzd
Single,normal,nxkoq
Single,desperate,cfwvb
Single,desperate,ogyld
Single,normal,lhxwp
Single,choosy,acxlg
Single,desperate,qszvn
Single,normal,fzgjt
Single,desperate,teyrd
Single,choosy,varhf
Single,choosy,brpwi
Single,normal,mbshk
Single,normal,gmppz
Single,choosy,dezfh
Single,desperate,heimj
Single,choosy,kfxik
Single,desperate,yhzbv
Single,desperate,wwbsu
Single,choosy,iepcz
Single,choosy,vwula
Single,desperate,bobgc
Single,choosy,eeczk
Single,desperate,cpvly
Single,desperate,jcfwq
Single,choosy,oxlkf
Single,choosy,fxjaz
Single,choosy,vixje
Single,desperate,ylgqx
Single,normal,lyqup
Single,desperate,kklnd
Single,normal,xfrla
Single,choosy,gxics
Single,choosy,mqfeb
Single,desperate,cposp
Single,normal,jpuel
Single,desperate,mpvth
Single,normal,wzrkg
Single,desperate,elbqe
Single,normal,civuo
Single,desperate,iylyo
Single,choosy,amznj
Single,desperate,zitgd
Single,desperate,uhkkx
Single,choosy,jvyfw
Single,desperate,yipkc
Single,choosy,rouma
Single,choosy,aqddd
Single,normal,lnazn
Single,desperate,mbmdh
Single,normal,dewzn
Single,normal,ngpnp
Single,desperate,cavub
Single,choosy,leclz
Single,normal,hlxnn
Single,desperate,kwrga
Single,choosy,wagvx
Single,choosy,qbsxk
Single,choosy,zvpmj
Single,choosy,ohpdm
Single,normal,jiwmq
Single,choosy,ixjdc
Single,normal,cuavh
Single,choosy,ybuuf
Single,desperate,myuyt
Single,normal,xocpd
Single,choosy,gvyrd
Single,normal,imkvy
Single,normal,iugbc
Single,normal,mbecd
Single,normal,zilbw
Single,choosy,cktwl
Single,normal,ufbep
Single,choosy,wotgx
Single,desperate,doejt
Single,desperate,redue
Single,choosy,qcoan
Single,choosy,lqjij
Single,choosy,waglt
Single,choosy,rzhtj
Single,choosy,jmsve
Single,choosy,msbtn
Single,normal,gqrtv
Single,desperate,evhck
Single,desperate,kawaa
Single,choosy,cdoqf
Single,choosy,emwmv
Single,normal,euoqh
Single,choosy,pqynu
Single,choosy,huqdx
Single,desperate,hbpxn
Single,choosy,einzm
Single,desperate,qocxo
Single,choosy,dfkzq
Single,choosy,thlmn
Single,choosy,apmmu
Single,choosy,bknar
Single,normal,uteue
Single,desperate,axsij
Single,desperate,ioooe
Single,desperate,fzhpp
Single,choosy,gjlcr
Single,normal,amgkm
Single,desperate,czcze
Single,normal,pumyv
Single,choosy,lopjw
Single,normal,cwhve
Single,normal,lovos
Single,normal,nacbq
Single,normal,thoxz
Single,normal,itkzb
Single,normal,xrzet
Single,normal,xmsqn
Single,choosy,hgvgo
Single,choosy,yyvwj
Single,desperate,uxapt
Single,normal,igeoh
Single,choosy,tjdit
Single,desperate,inqgq
Single,normal,lddnm
Single,choosy,dsget
Single,normal,wkrxd
Single,choosy,kbzda
Single,choosy,uhdbj
Single,desperate,bvznx
Single,desperate,xxlbc
Single,desperate,rhuhh
Single,desperate,dbkzh
Single,choosy,nfjhx
Single,desperate,uliuo
Single,normal,anfca
Single,choosy,uswnz
Single,desperate,ngxyz
Single,choosy,umtln
Single,choosy,wdfde
Single,choosy,xyukw
Single,normal,gxeuc
Single,choosy,xgfly
Single,choosy,xqcqj
Single,choosy,dzbag
Single,desperate,mznzj
Single,desperate,opcid
Single,normal,czlig
Single,desperate,gnuvv
Single,choosy,umugp
Single,desperate,ooqwd
Single,desperate,knhsn
Single,desperate,lzemx
Single,desperate,zligh
Single,desperate,xjsfx
Single,choosy,irqjp
Single,choosy,envsd
Single,choosy,eguea
Single,desperate,mgjbj
Single,desperate,wvqni
Single,normal,sggxu
Single,normal,yhiyy
Single,choosy,lyits
Single,desperate,weaay
Single,normal,kgbot
Single,choosy,xiqxj
Single,choosy,wnida
Single,desperate,ffzib
Single,choosy,ooxyn
Single,desperate,nqfqw
Single,desperate,xcsfs
Single,choosy,bryqa
Single,normal,coehh
Single,choosy,sebmj
Single,normal,xeaew
Single,choosy,rnsoy
Single,desperate,smluk
Single,normal,qihso
Single,desperate,ysilw
Single,normal,jiaad
Single,desperate,fxhia
Single,desperate,nfrcl
Single,normal,hxrhg
Single,choosy,lpgba
Single,normal,tykwd
Single,normal,krloa
Single,choosy,hhals
Single,normal,nxdrr
Single,choosy,vqobq
Single,choosy,pqxdc
Single,desperate,fsfvm
Single,normal,uytsq
Single,normal,divwq
Single,normal,ujupg
Single,desperate,eprtv
Single,desperate,lcupl
Single,desperate,oqjrn
Single,choosy,ufnwa
Single,choosy,lwnnd
Single,normal,awwmt
Single,choosy,zwypp
Single,choosy,uvwhb
Single,desperate,qdhan
Single,normal,svkdp
Single,choosy,eytkb
Single,desperate,quulp
Single,normal,llveb
Single,normal,vtfhb
Single,choosy,hngbp
Single,choosy,mjaut
Single,desperate,rzhan
Single,choosy,oxnvx
Single,normal,mjfzu
Single,desperate,fhwuf
Single,desperate,luzfy
Single,desperate,dayol
Single,normal,abtrb
Single,normal,patry
Single,desperate,dnnev
Single,choosy,sgurr
Single,desperate,nkrca
Single,normal,jzuym
Single,desperate,lfrjv
Single,desperate,ruydz
Single,normal,qjumq
Single,choosy,dbrqf
Single,desperate,zgtxq
Single,desperate,gnvam
Single,normal,ljzzs
Single,desperate,dsqyl
Single,normal,otiyj
Single,choosy,ymgnw
Single,normal,kbjzs
Single,desperate,dhjgp
Single,choosy,yzjui
Single,normal,weglb
Single,normal,ukkow
Single,normal,hddjg
Single,normal,hfbno
Single,normal,lylyk
Single,normal,ktjjs
Single,choosy,auody
Single,choosy,kqjvs
Single,desperate,gkfrb
Single,normal,dtmzv
Single,normal,slvmi
Single,normal,wmawk
Single,choosy,cwipd
Single,desperate,mtkpq
Single,desperate,eurrc
Single,normal,eragq
Single,desperate,zuxpq
Single,choosy,rkkya
Single,choosy,xxnfj
Single,normal,fcsxe
Single,normal,irckp
Single,choosy,jzvtm
Single,choosy,nzgrs
Single,desperate,cwoja
Single,choosy,toptg
Single,normal,ujkam
Single,normal,thppy
Single,desperate,fegkx
Single,desperate,nzdod
Single,choosy,eebha
Single,choosy,pigrd
Single,normal,skflp
Single,desperate,ksvcd
Single,choosy,fjzna
Single,choosy,dxdgj
Single,desperate,akeak
Single,choosy,qpmzt
Single,choosy,mtpsl
Single,choosy,dxlxz
Single,choosy,mblzs
Single,desperate,vzvow
Single,desperate,aldax
Single,normal,hgnzh
Single,desperate,wcxhz
Single,normal,fxdwg
Single,normal,bneqf
Single,normal,nluuk
Single,normal,pzqee
Single,choosy,horvg
Single,choosy,kbrrb
Single,choosy,gonwa
Single,normal,lcywd
Single,choosy,nekov
Single,normal,tihxt
Single,desperate,znkrc
Single,desperate,ypisn
Single,desperate,mrlhm
Single,desperate,greau
Single,desperate,owhwm
Single,choosy,rayio
Single,desperate,uotlb
Single,normal,wnlai
Single,normal,aqwwg
Single,desperate,unser
Single,desperate,fptzi
Single,normal,hurfk
Single,choosy,zvbqb
Single,normal,cjpkv
Single,choosy,xayys
Single,normal,uyhzj
Single,choosy,eksul
Single,desperate,lqxia
Single,choosy,ygpxa
Single,normal,agjmq
