Single,miser,juglv
Single,generous,jmcmt
Single,miser,ihcii
Single,miser,tgvmu
Single,geeks,dvmnr
Single,generous,zzguh
Single,miser,hbbvx
Single,geeks,roeol
Single,miser,mznao
Single,miser,pqivy
Single,geeks,rrsyh
Single,geeks,kwnrq
Single,generous,loxcz
Single,miser,trshd
Single,geeks,wlruc
Single,geeks,wdooc
Single,miser,ajwts
Single,geeks,twvjj
Single,geeks,utflk
Single,generous,rqfhu
Single,geeks,zmvzp
Single,generous,hnvdz
Single,generous,aggdh
Single,generous,sggom
Single,miser,kerrs
Single,miser,ddgyz
Single,miser,pcbqu
Single,generous,lsapl
Single,miser,jguln
Single,generous,zzhxa
Single,miser,uivnu
Single,miser,utblx
Single,generous,nwwhw
Single,miser,xdtul
Single,geeks,iprus
Single,miser,lwfnc
Single,geeks,qcpke
Single,generous,yazjc
Single,geeks,xuycn
Single,generous,inmnr
Single,generous,rcqxr
Single,generous,ldfgh
Single,generous,pkqax
Single,miser,vchwn
Single,miser,dlazq
Single,geeks,tlhiq
Single,geeks,jeqiv
Single,miser,sqlxz
Single,generous,tvbnm
Single,geeks,zyick
Single,generous,mtyar
Single,geeks,ofovt
Single,geeks,ayjcg
Single,miser,srcdq
Single,miser,hokie
Single,miser,yjyfe
Single,generous,bkytj
Single,generous,llkic
Single,geeks,lomxq
Single,generous,eoade
Single,generous,kmmap
Single,generous,lqedc
Single,geeks,merrs
Single,generous,hmqcv
Single,generous,jfmhp
Single,generous,zeooa
Single,miser,oewzi
Single,miser,ptcyp
Single,miser,clipo
Single,miser,drkom
Single,miser,sgaes
Single,generous,iucyu
Single,generous,bduqv
Single,generous,pllkv
Single,generous,zybor
Single,generous,dobjc
Single,miser,xuuyy
Single,geeks,rsjmh
Single,geeks,snsxh
Single,generous,apqmd
Single,miser,fjuxd
Single,generous,zqdmz
Single,geeks,qlxsq
Single,miser,nkjvq
Single,miser,tbrzv
Single,generous,lbyer
Single,generous,ejxzf
Single,generous,vyigf
Single,miser,ydzdh
Single,generous,nkfmk
Single,miser,souou
Single,geeks,oseyg
Single,geeks,ysrpd
Single,geeks,jkrav
Single,geeks,bogfj
Single,geeks,jygtw
Single,miser,loatw
Single,generous,nvcdu
Single,miser,uxxmh
Single,geeks,vkmlg
Single,generous,nhlsh
Single,miser,tyxsa
Single,miser,rvftz
Single,generous,qoeks
Single,generous,kvibn
Single,geeks,bthgc
Single,generous,jftga
Single,miser,omwwq
Single,generous,bpysj
Single,geeks,hdkrz
Single,geeks,jtlcz
Single,geeks,xthwk
Single,geeks,xillb
Single,miser,vymuc
Single,geeks,ifeqt
Single,miser,yzhyf
Single,generous,vsdlw
Single,miser,qysbq
Single,generous,nfsys
Single,geeks,tylwl
Single,geeks,fetyk
Single,generous,pndfg
Single,geeks,kpibi
Single,generous,twhjr
Single,miser,vlqtd
Single,generous,xgwkv
Single,geeks,bszrn
Single,generous,guxoq
Single,miser,vgywu
Single,geeks,xxlsc
Single,generous,wvavt
Single,geeks,vofmw
Single,miser,vsymg
Single,miser,owdds
Single,generous,wgmbw
Single,geeks,uwzem
Single,geeks,gwzdx
Single,geeks,rlxxf
Single,geeks,nostz
Single,generous,uvzgx
Single,geeks,tegmp
Single,geeks,eqmye
Single,miser,thyzn
Single,miser,epujv
Single,geeks,xlecw
Single,miser,yhfza
Single,miser,hdhpg
Single,generous,ljmyl
Single,miser,zshls
Single,miser,ifapj
Single,geeks,ovjcy
Single,generous,owylv
Single,generous,ywsys
Single,generous,jgqqg
Single,generous,vsldx
Single,geeks,wrqav
Single,generous,tprrl
Single,generous,sdvbm
Single,generous,svczk
Single,geeks,ewmzb
Single,geeks,qrzvx
Single,miser,rdsyz
Single,geeks,fzhpw
Single,geeks,nacwz
Single,miser,atejr
Single,geeks,ownak
Single,geeks,eczxy
Single,geeks,lwbtk
Single,generous,danrb
Single,generous,amlrg
Single,miser,kxsie
Single,geeks,aoqwd
Single,generous,jxfak
Single,miser,aiieg
Single,miser,cslnt
Single,miser,gemwi
Single,miser,tlivp
Single,miser,emoqu
Single,generous,gxhnx
Single,miser,mdihr
Single,generous,pzaux
Single,geeks,pwizw
Single,generous,hhint
Single,geeks,xtcwr
Single,miser,yrnel
Single,geeks,jeoti
Single,generous,bgzqp
Single,geeks,qhhqq
Single,geeks,ivagc
Single,generous,rkxqg
Single,miser,fwhym
Single,geeks,kqxso
Single,generous,oxdgv
Single,generous,inlpw
Single,geeks,rlovy
Single,geeks,eulzr
Single,miser,vdbva
Single,miser,tdrsk
Single,generous,ergqm
Single,generous,bvrdy
Single,geeks,egdua
Single,miser,kdlrg
Single,miser,fqmyk
Single,generous,yvmux
Single,generous,tiebb
Single,generous,tgqmf
Single,miser,weqfe
Single,geeks,fwzsl
Single,geeks,tgznw
Single,miser,ouuwh
Single,generous,hxuqi
Single,generous,wqtyb
Single,generous,ygyuo
Single,miser,nqrwh
Single,generous,uajdd
Single,geeks,yqxcp
Single,miser,dgcvu
Single,miser,winnu
Single,miser,flrra
Single,generous,titms
Single,geeks,owtdi
Single,miser,tluix
Single,generous,qqetg
Single,geeks,ebqsx
Single,geeks,doeew
Single,geeks,cmpsr
Single,geeks,gaaxj
Single,miser,ojudj
Single,geeks,guxye
Single,miser,nucaz
Single,miser,qetkb
Single,generous,bwnhq
Single,geeks,nwqys
Single,geeks,jqpgn
Single,miser,qdfkk
Single,geeks,glcup
Single,generous,cbksi
Single,miser,kuwjd
Single,generous,zwlka
Single,generous,wmxsm
Single,generous,lrhdb
Single,generous,zoflp
Single,generous,ewswk
Single,geeks,blhmd
Single,generous,smdwf
Single,generous,zcfyt
Single,miser,cmega
Single,geeks,wzbxr
Single,miser,tuzqh
Single,miser,lrxhd
Single,generous,fmayq
Single,miser,ocqxa
Single,geeks,susmv
Single,generous,qvxwg
Single,generous,lfnds
Single,generous,gtqnv
Single,generous,mrhye
Single,generous,blvgd
Single,geeks,xyraa
Single,geeks,lcsjh
Single,miser,dbvyx
Single,geeks,hrrbl
Single,generous,guoas
Single,generous,slhoc
Single,miser,uyskn
Single,generous,louak
Single,miser,vcvyf
Single,geeks,mwotd
Single,geeks,qlchv
Single,geeks,lhrvf
Single,generous,vbjyx
Single,generous,rjbbn
Single,geeks,shjvb
Single,miser,ywpkz
Single,geeks,ckncd
Single,miser,zixax
Single,generous,oecda
Single,generous,ruaqg
Single,generous,dyygn
Single,geeks,qrqwj
Single,generous,udzva
Single,geeks,boxcp
Single,generous,rsxjf
Single,geeks,kpsce
Single,miser,mqzkw
Single,generous,ptuhf
Single,miser,zuxdo
Single,miser,qvbys
Single,miser,xsvja
Single,generous,stkjt
Single,generous,ymbxd
Single,miser,ugfvx
Single,geeks,zzdej
Single,geeks,byivo
Single,generous,amkrd
Single,miser,vjzfb
Single,geeks,thqnl
Single,geeks,ayygm
Single,geeks,wzutv
Single,generous,waqzp
Single,geeks,xlylv
Single,generous,mfnxz
Single,geeks,uhkqz
Single,miser,xhltl
Single,miser,ypdgg
Single,generous,bbjyh
Single,miser,fwpkj
Single,miser,vatdx
Single,miser,esrpx
Single,generous,pvwji
Single,geeks,lovec
Single,miser,ghsuy
Single,miser,ewozm
Single,miser,yjnvg
Single,miser,eanpr
Single,geeks,huomc
Single,miser,ubrkx
Single,generous,shqvu
Single,miser,ymssb
Single,geeks,dtlav
Single,geeks,wmsra
Single,generous,xtkow
Single,miser,rwlok
Single,geeks,eybxb
Single,miser,yxbug
Single,geeks,pidlq
Single,miser,orpuj
Single,geeks,mhnnx
Single,generous,ieplq
Single,geeks,jhxza
Single,generous,efrcq
Single,generous,ijdul
Single,miser,tvnea
Single,geeks,byqia
Single,geeks,xpwpc
Single,generous,ktvpq
Single,miser,pnxhq
Single,generous,munbm
Single,geeks,zrhjg
Single,geeks,bcfhv
Single,miser,qdqyg
Single,miser,pghrn
Single,miser,umbsp
Single,miser,zbpiy
Single,geeks,ocofr
Single,geeks,tzxyl
Single,generous,kwctb
Single,miser,wzqpl
Single,geeks,tqnws
Single,miser,oeqhp
Single,generous,oiiks
Single,geeks,xfqtb
Single,miser,bdilo
Single,miser,evdot
Single,generous,rahsk
Single,geeks,xerfk
Single,generous,cifky
Single,geeks,sjpwx
Single,miser,tnfhz
Single,geeks,zasuk
Single,geeks,yrbmp
Single,miser,gdvxc
Single,generous,wlqnu
Single,miser,jddra
Single,geeks,picqu
Single,generous,oqumy
Single,generous,fkydr
Single,miser,govqo
Single,geeks,pujbz
Single,miser,lovaq
Single,geeks,rphgq
Single,generous,jwgbs
Single,miser,ielkq
Single,miser,qognj
Single,generous,bmtar
Single,miser,ywulf
Single,miser,uoamb
Single,miser,kxgay
Single,geeks,htpey
Single,miser,aaizx
Single,geeks,fgyjd
Single,miser,hdzcx
Single,geeks,bimwy
Single,geeks,uowwv
Single,miser,sopwb
Single,generous,nmrwy
Single,generous,filyv
Single,generous,urrri
Single,miser,hufhs
Single,geeks,kmeew
Single,geeks,ntzrt
Single,geeks,udssl
Single,generous,priwg
Single,generous,rxldo
Single,generous,ojnff
Single,miser,ugafu
Single,geeks,rvtxj
Single,generous,widss
Single,generous,bvbuy
Single,geeks,tvplm
Single,geeks,bhtsy
Single,generous,qavxe
Single,geeks,rhpry
Single,miser,xvagi
Single,miser,ihutr
Single,miser,gkqqd
Single,miser,cylng
Single,geeks,axnts
Single,generous,sjtre
Single,miser,qqmef
Single,generous,pcvlr
Single,miser,wwhrg
Single,geeks,qfkuy
Single,geeks,hbfjs
Single,geeks,tdwny
Single,miser,opdgp
Single,generous,wtqms
Single,miser,qnyhs
Single,miser,lkfjb
Single,geeks,qwqid
Single,generous,retps
Single,generous,hxeqb
Single,generous,ccvjq
Single,geeks,pczkv
Single,generous,cpzlh
Single,geeks,lgnrw
Single,miser,qiuvz
Single,miser,uupzr
Single,generous,thxpc
Single,generous,pjgtl
Single,geeks,trxkz
Single,miser,tpyua
Single,generous,hsofn
Single,generous,xohiv
Single,miser,moxdr
Single,miser,ljpnh
Single,geeks,pwcdv
Single,geeks,poczy
Single,generous,dkvlu
Single,geeks,stqpz
Single,generous,rlpcg
Single,geeks,ddlac
Single,generous,eziys
Single,generous,yjfrv
Single,geeks,smowu
Single,miser,aigsy
Single,geeks,zailz
Single,miser,pboqv
Single,miser,zsafa
Single,geeks,jrmve
Single,geeks,ojrwk
Single,miser,rhfcy
Single,generous,xpcas
Single,generous,zunvc
Single,generous,obzah
Single,generous,gslsu
Single,geeks,riarx
Single,generous,qqlpc
Single,miser,dvgml
Single,geeks,jhwuq
Single,generous,ywtsn
Single,generous,bgneq
Single,generous,cecpv
Single,generous,hoiwk
Single,geeks,fferi
Single,miser,hvifa
Single,geeks,ziqlg
Single,miser,kijdg
Single,generous,zpvlg
Single,miser,ozmgo
Single,geeks,njhox
Single,geeks,ccmyu
Single,miser,tpych
Single,generous,xifld
Single,miser,hphwc
Single,generous,rrsfh
Single,generous,paast
Single,generous,qreac
Single,miser,ljqjr
Single,miser,gvheh
Single,generous,cnxag
Single,miser,bmgva
Single,miser,djkvi
Single,geeks,lhttn
Single,miser,irfkh
Single,generous,qokay
Single,generous,fyjhp
Single,geeks,ocleu
Single,generous,nexhu
Single,miser,atsrk
Single,geeks,rfzbz
Single,miser,ccfxq
Single,geeks,tpaxa
Single,miser,lesyb
Single,miser,krwze
Single,miser,bfjis
Single,geeks,wivqd
Single,generous,gqyjx
Single,generous,paokd
Single,miser,keawr
