Utility,nhaia,Awesome
Utility,bmvnt,Awesome
Luxury,fltpb
Utility,ihzku,Romantic
Utility,dovhz,Romantic
Utility,uiyxq,Normal
Essential,hpoam
Essential,btquz
Utility,sfvhp,Normal
Utility,lgdhn,Normal
Utility,xuzil,Romantic
Luxury,jpvwu
Essential,xhbxi
Luxury,zenln
Utility,ikehv,Rare
Luxury,dlqgr
Utility,phmgz,Standard
Luxury,adecu
Essential,txhjh
Utility,vhuzf,Standard
Utility,nonyn,Rare
Essential,vkuxi
Utility,mtfek,Awesome
Utility,cifew,Normal
Utility,vpljv,Romantic
Utility,gcuof,Romantic
Utility,vxqqy,Normal
Luxury,lptmq
Essential,whgzs
Luxury,uyhdp
Utility,ojoko,Romantic
Luxury,kzbti
Utility,xisiw,Normal
Essential,ioeam
Utility,wkcst,Awesome
Luxury,hbwgx
Utility,akgar,Standard
Utility,yjrbe,Awesome
Essential,bkgfn
Luxury,nbkjn
Essential,cijod
Luxury,aappz
Utility,mercl,Normal
Luxury,lufgz
Essential,yuvvr
Luxury,ypbza
Utility,ltoai,Standard
Utility,hnuit,Rare
Utility,pjsgn,Normal
Essential,zylvt
Utility,fkfsn,Standard
Utility,fwqon,Romantic
Luxury,zrmok
Utility,iyvze,Romantic
Essential,xsjbx
Luxury,ijgyz
Utility,hoazq,Romantic
Luxury,yhojw
Essential,jbzpb
Essential,mqhhc
Utility,mhgwk,Rare
Luxury,qmuvw
Utility,zeeyd,Awesome
Utility,eifln,Normal
Utility,xhigu,Romantic
Essential,axyov
Utility,imook,Romantic
Essential,cmgkh
Utility,wqump,Standard
Utility,flovo,Awesome
Essential,ddyhe
Essential,aockh
Luxury,tsssf
Utility,pvmrn,Awesome
Luxury,tsysw
Utility,lxdbd,Standard
Essential,hnrjs
Essential,pdyuq
Essential,crdaz
Luxury,hrapb
Utility,ilglv,Standard
Luxury,wbtci
Luxury,opxfq
Luxury,xbnro
Essential,qyrjb
Essential,ctexb
Utility,ypham,Romantic
Utility,oyfpf,Standard
Utility,ptosh,Standard
Essential,zocnp
Luxury,htlun
Luxury,sknsx
Luxury,zvvdw
Utility,zmtll,Romantic
Utility,oivud,Rare
Utility,gbwro,Awesome
Utility,rudpt,Rare
Essential,wluys
Essential,etvdm
Luxury,vhawq
Essential,nctvv
Utility,hxjca,Awesome
Essential,kzejq
Utility,gzimk,Romantic
Luxury,xmwdi
Utility,yctdp,Rare
Luxury,vihvh
Luxury,ksdum
Luxury,zcyrc
Essential,zmunt
Utility,yltcd,Normal
Luxury,grmpl
Essential,gscgl
Luxury,aypkr
Utility,jlrpo,Standard
Essential,cigpn
Luxury,wfpfu
Utility,ccnzn,Normal
Luxury,mfrec
Utility,qkxjb,Rare
Utility,tvuwf,Awesome
Utility,hmrft,Standard
Essential,vqzsl
Utility,qqepb,Awesome
Utility,totov,Standard
Utility,locxk,Awesome
Essential,jyczp
Utility,twthi,Normal
Luxury,yzkfw
Luxury,jhrxq
Essential,ibmom
Essential,arxpt
Utility,xxvas,Standard
Essential,jfgad
Essential,unlpv
Essential,fblkz
Luxury,bzcwr
Essential,omnnd
Essential,joyla
Utility,zatig,Normal
Essential,gsexg
Essential,rbyut
Utility,pqtpx,Rare
Luxury,aokcd
Essential,psvap
Utility,tthup,Romantic
Utility,wyopm,Standard
Luxury,epxvb
Essential,cqsrt
Luxury,bcfge
Essential,jlfnu
Luxury,mqsqb
Utility,wrfpw,Standard
Luxury,zwict
Utility,fxkcv,Awesome
Essential,frygm
Essential,vvsis
Utility,ngkyz,Romantic
Utility,quifz,Standard
Luxury,iodgq
Utility,iaufb,Rare
Utility,qpurj,Awesome
Essential,jhyho
Luxury,xvkaf
Utility,mzynx,Rare
Essential,dnies
Utility,natdy,Normal
Utility,elkgq,Standard
Luxury,kzlhw
Utility,cecvm,Awesome
Essential,opvbw
Utility,msujp,Romantic
Essential,dwuzn
Essential,lrlid
Luxury,jairp
Luxury,ptmxs
Utility,ahpmd,Standard
Luxury,hsksc
Utility,cmpbe,Rare
Essential,noqoq
Utility,gsoab,Rare
Essential,cizmj
Essential,chhec
Luxury,cuzgy
Luxury,eqxmy
Essential,plyjj
Utility,wfxvr,Normal
Utility,donja,Romantic
Essential,qooql
Utility,mpfae,Standard
Utility,ldqry,Awesome
Essential,szdch
Luxury,cvhvp
Utility,xzfse,Rare
Utility,ienjs,Standard
Utility,nxcih,Normal
Essential,phudj
Utility,lelao,Romantic
Essential,gokfp
Luxury,acdef
Luxury,rytjt
Utility,hdwnw,Rare
Utility,utplv,Romantic
Essential,evfqn
Luxury,ldxnl
Utility,rfnaa,Standard
Essential,xufzx
Utility,wgife,Rare
Utility,adyvn,Normal
Luxury,jewfh
Luxury,ppruf
Essential,mzivz
Essential,jcsjx
Luxury,tkrpw
Essential,azzak
Essential,xigov
Essential,szejk
Luxury,jjkvd
Essential,wzodt
Luxury,dikvb
Utility,uugyr,Standard
Luxury,ttlfy
Essential,aitdn
Essential,owqle
Essential,djovb
Utility,xsdbn,Romantic
Utility,hvtmd,Romantic
Essential,ddiiy
Essential,ltasm
Essential,jqbxo
Luxury,bxhxl
Utility,irfgy,Romantic
Utility,cwxdy,Romantic
Utility,ikovd,Normal
Utility,sewhf,Standard
Utility,ztvaf,Standard
Utility,xeaom,Rare
Luxury,fiqep
Luxury,kykrk
Essential,pgybk
Utility,tqkdd,Awesome
Luxury,iwxmt
Luxury,iyraz
Utility,yzlci,Romantic
Essential,sboav
Essential,efzdu
Utility,nisdd,Normal
Essential,drkgn
Luxury,zqsji
Luxury,clpgi
Utility,gnmik,Rare
Luxury,fjnwj
Utility,bdpak,Normal
Essential,oktmv
Luxury,reqle
Luxury,qdpdo
Essential,sasdi
Luxury,gmesm
Essential,uirqy
Luxury,jrgmg
Utility,zoqpa,Standard
Luxury,nphyd
Luxury,jbmbv
Utility,baziv,Rare
Utility,xzbmy,Awesome
Utility,wwldo,Rare
Utility,ktemc,Rare
Utility,qajkv,Awesome
Luxury,gbfer
Essential,fgqhg
Utility,dgiqp,Romantic
Essential,kaaza
Utility,fomnu,Rare
Luxury,hdskv
Luxury,katsb
Essential,iszva
Essential,ibclm
Essential,jmqfh
Essential,ylqwh
Luxury,qresm
Essential,bhcjr
Utility,gxvhb,Normal
Utility,enjyf,Normal
Essential,lipbb
Utility,qbgyn,Awesome
Luxury,suakb
Utility,rjpit,Romantic
Essential,ptqqz
Essential,vugbe
Utility,guptr,Romantic
Essential,zjpye
Essential,xarpo
Luxury,qrxnz
Utility,vwlks,Romantic
Utility,amrcp,Romantic
Essential,ryxqd
Luxury,drkmb
Essential,vbeyz
Essential,zvodt
Utility,kyzcx,Romantic
Essential,icvnq
Essential,vmmyw
Essential,wdihr
Essential,ondtk
Essential,zflsz
Essential,varnk
Utility,yrjxy,Standard
Utility,plmtk,Rare
Essential,nniyg
Luxury,jphml
Utility,dfuvs,Normal
Luxury,edwut
Utility,veqli,Standard
Luxury,wzmmf
Utility,hlobe,Normal
Utility,mqqra,Rare
Utility,zsilz,Romantic
Essential,insfi
Utility,ootrg,Standard
Essential,fuqay
Utility,lkjqg,Romantic
Luxury,yrurf
Luxury,ezfzl
Luxury,wfnom
Luxury,enpuv
Luxury,wckfr
Essential,yfgno
Luxury,lmmfa
Essential,bhbdp
Utility,jfrvq,Standard
Essential,ebgsz
Essential,txhir
Luxury,sfugj
Essential,hdqde
Luxury,rwghu
Luxury,itpkc
Utility,eisgx,Awesome
Essential,dufgp
Luxury,deqem
Essential,fhkga
Luxury,trjkq
Utility,itogf,Rare
Utility,bumfm,Rare
Utility,fycac,Normal
Luxury,rvnkk
Luxury,sfucf
Luxury,puyqv
Essential,hmbpy
Essential,yyojm
Luxury,lsgws
Essential,kclgh
Luxury,skxeh
Utility,mmkny,Awesome
Essential,eyreu
Essential,yvvyr
Luxury,ddqmc
Luxury,vuqws
Essential,ogunz
Luxury,bazjy
Luxury,ofwoh
Essential,cmkmr
Essential,txkmb
Luxury,itosq
Utility,wcbne,Standard
Utility,bcxtr,Rare
Essential,jlvwt
Utility,mdowo,Romantic
Luxury,heift
Essential,vikjy
Essential,altqa
Essential,pecon
Essential,bpmid
Utility,fpjgy,Awesome
Luxury,deken
Essential,vjbgd
Essential,ftwdr
Utility,pzmgk,Rare
Essential,kregb
Luxury,ucgln
Luxury,gerqq
Utility,xobxo,Standard
Essential,bqafb
Luxury,mreqf
Utility,ycasv,Normal
Utility,iclps,Romantic
Utility,qxwrr,Rare
Essential,ynjaa
Essential,boifu
Utility,srjer,Rare
Utility,evlmg,Standard
Essential,oiwbt
Essential,pngxu
Essential,zdrza
Luxury,xebhs
Luxury,kyhxx
Essential,lkuls
Luxury,gymjk
Essential,gibrl
Utility,yoxff,Normal
Utility,yvxau,Rare
Essential,wxkuz
Luxury,znprf
Essential,qnidk
Essential,psdlh
Utility,vivob,Normal
Utility,jhqkl,Normal
Essential,wjwjh
Luxury,feitw
Luxury,lsfns
Utility,gborg,Normal
Utility,swowi,Awesome
Utility,lgkzb,Awesome
Essential,rmpgs
Luxury,gcywb
Essential,eetjt
Utility,inzeq,Romantic
Utility,edenj,Romantic
Utility,damyn,Awesome
Luxury,dtwsj
Essential,hafbc
Essential,fphyg
Essential,eqmmi
Luxury,katrs
Utility,pcpka,Standard
Luxury,orurf
Essential,surrs
Essential,witad
Luxury,gkvai
Essential,gyuhr
Luxury,dlrrh
Luxury,ebpqz
Utility,tazzk,Rare
Utility,tlofe,Normal
Essential,jkihz
Essential,bzzfj
Luxury,mqpyz
Utility,yfnlh,Romantic
Luxury,aiany
Luxury,idnzt
Luxury,qfrqg
Essential,lsjoy
Utility,bmcnp,Romantic
Utility,wrapu,Normal
Essential,feodd
Utility,oowgf,Awesome
Essential,haywu
Utility,mjfjt,Normal
Essential,pkisk
Luxury,dipjo
Essential,ugvow
Luxury,otocu
Essential,wnpvk
Luxury,llfwh
Essential,gnwjj
Essential,aybgi
Utility,ixnjv,Romantic
Essential,rufti
Essential,odttr
Luxury,eiwvj
Essential,zkomg
Luxury,pkjjg
Essential,pegon
Essential,iccbp
Luxury,esuvv
Utility,jtjwq,Standard
Utility,qpepc,Normal
Luxury,mzzto
Luxury,vrkbt
Essential,ysgws
Luxury,tsujo
Utility,zqmcp,Rare
Luxury,tkdzp
Utility,hhizz,Awesome
Essential,sqlan
Utility,pzxys,Romantic
Essential,guymb
Essential,nswiv
Essential,ppdhc
Utility,pnqty,Normal
Luxury,yabhf
Luxury,cobgh
Utility,rcato,Rare
Essential,hiupq
Essential,nuztu
Essential,ygrnb
Utility,loyab,Standard
Utility,jflaz,Romantic
Utility,ctmtp,Romantic
Utility,feydq,Rare
Essential,kekof
Utility,vmwhf,Romantic
Essential,pvtps
Essential,kyyox
Essential,pusif
Utility,gdslo,Rare
Essential,llznv
Luxury,vqrfq
Utility,uekks,Normal
Utility,brqej,Rare
Utility,omijg,Romantic
Luxury,ktyqy
Luxury,gzmgu
Luxury,swwfb
Utility,pztry,Romantic
Utility,tipht,Normal
Luxury,sprem
Utility,qsfrv,Normal
Utility,xxbgy,Rare
Utility,xszht,Romantic
Utility,qmuuj,Romantic
Utility,ttquk,Romantic
Utility,pxzxw,Rare
Luxury,keqed
Utility,avgzm,Normal
Essential,jrlqs
Essential,wqgcq
Luxury,kqwkk
Essential,nrrfd
Utility,hpgey,Normal
Essential,fxani
Luxury,rmrdk
Utility,kzxmb,Normal
Luxury,qfzqq
Luxury,jglfg
Utility,rwpkf,Normal
Luxury,glsai
Essential,cnjxb
Luxury,ndhui
Essential,kmhow
Utility,tikeh,Normal
Essential,vwvjb
Luxury,lguqc
Utility,dshhu,Standard
Essential,zxztu
Essential,jxtbp
Essential,kppzp
Luxury,nfhxz
Utility,crzdr,Normal
Essential,wrian
Luxury,fojwg
Essential,achpc
Essential,kiqvu
Essential,fmyac
Utility,vcdlx,Normal
Essential,ojeor
Utility,yrtcm,Standard
Luxury,hyuwb
Luxury,wprar
Essential,suhex
Luxury,jeykf
Utility,lyaio,Rare
Luxury,mcvkm
Utility,ovzzv,Standard
Luxury,axkeg
Utility,raqkp,Romantic
Luxury,lwyry
Essential,jmrnm
Utility,bspdm,Standard
Utility,tkdyu,Romantic
Luxury,fncuj
Essential,pbbqe
Luxury,ruehe
Utility,xfpyg,Standard
Essential,vhmtm
Utility,akteh,Awesome
Utility,lxbbu,Rare
Utility,txyoh,Romantic
Utility,pzvom,Awesome
Essential,onoad
Essential,qgwlw
Luxury,dczer
Essential,eqdxo
Luxury,xgvrt
Essential,yfulb
Luxury,ihgng
Essential,wohwq
Utility,gbshy,Rare
Luxury,hwrjd
Luxury,cjmag
Luxury,kelph
Luxury,pscyq
Utility,bwcwj,Standard
Luxury,gevpk
Luxury,ccpjk
Essential,urhcz
Luxury,bxfap
Luxury,pmpba
Luxury,tkfdg
Utility,ynkst,Awesome
Essential,xjhrh
Utility,mujnn,Normal
Utility,qubgh,Awesome
Essential,giiqj
Essential,hpyhg
Essential,auasy
Luxury,fbscu
Luxury,fnnio
Utility,ktihu,Normal
Luxury,cttyo
Luxury,nmxkt
Luxury,engiz
Essential,sgryk
Utility,xenuw,Romantic
Utility,etnne,Rare
Utility,pmxfb,Awesome
Luxury,edrrz
Utility,vpbiw,Standard
Utility,ahqxq,Awesome
Luxury,rnecw
Luxury,phvgq
Utility,fjzxk,Romantic
Utility,zbluy,Standard
Essential,fprpt
Utility,cgxao,Rare
Essential,gdmsz
Utility,whmvv,Standard
Essential,vqhyf
Luxury,foxht
Utility,muosm,Romantic
Luxury,vjaot
Essential,voymo
Luxury,zetby
Essential,gjogh
Essential,onlnq
Utility,xxmzb,Normal
Utility,mkfhz,Rare
Luxury,glkwy
Luxury,qjxmu
Utility,eesmu,Normal
Luxury,hmpbg
Utility,qcguy,Awesome
Utility,pgwhz,Rare
Utility,fwzih,Standard
Essential,nvkci
Utility,fpkfc,Normal
Luxury,adygf
Essential,wdtmu
Utility,feemm,Rare
Luxury,rgylz
Essential,wqwze
Essential,iaoxt
Utility,pswus,Normal
Utility,ohfjg,Romantic
Utility,ncinh,Awesome
Luxury,ausai
Luxury,ucdap
Luxury,hezcy
Luxury,rzdfq
Luxury,pbfqm
Essential,drzxm
Luxury,qdxbw
Luxury,tpaph
Essential,fgoku
Luxury,melvx
Utility,mbgot,Awesome
Utility,wfpom,Standard
Utility,bvjuz,Awesome
Luxury,vhmzf
Luxury,pihtw
Luxury,ujzie
Essential,zulpo
Luxury,biutj
Essential,olokj
Luxury,pkkly
Essential,brfba
Utility,hexwj,Standard
Essential,qspfd
Essential,xwnjh
Essential,qktqn
Essential,vdpua
Utility,hslbo,Normal
Essential,cgsxu
Essential,elgam
Utility,fxjrp,Awesome
Luxury,iypun
Luxury,adfrn
Essential,fsory
Utility,rgczv,Standard
Essential,qhaxe
Luxury,nutul
Utility,pnewb,Normal
Utility,knwpa,Rare
Luxury,zgdjd
Luxury,itxnt
Essential,wzidt
Essential,mabah
Essential,zjzwv
Essential,beufr
Essential,woook
Luxury,brsag
Utility,uhkwg,Awesome
Essential,bdoyl
Essential,cpduk
Utility,tkzvs,Standard
Utility,uzmlr,Standard
Essential,zqvzn
Essential,pdsel
Utility,epngz,Romantic
Utility,hdrqq,Normal
Utility,tkmdn,Normal
Essential,tiqtq
Utility,mkxel,Normal
Utility,obsqs,Normal
Utility,nitwy,Awesome
Utility,yecqn,Normal
Essential,fqhfy
Essential,omhmq
Luxury,blgxg
Luxury,ziouw
Luxury,bzeng
Utility,ukged,Standard
Utility,rxxtg,Rare
Luxury,dzgbp
Utility,ledtr,Awesome
Essential,rzzmx
Luxury,zvlps
Essential,mqwsu
Luxury,usnjs
Luxury,fpspx
Luxury,ybbbv
Utility,jqpvu,Standard
Utility,zuwde,Romantic
Utility,nwmkx,Awesome
Luxury,lxodc
Utility,sasbm,Romantic
Luxury,osdsf
Essential,bbanx
Essential,enuag
Essential,mrhde
Essential,cbnmg
Utility,jnfea,Rare
Luxury,woyts
Luxury,epugq
Essential,zvlpv
Luxury,pkfpt
Utility,hordg,Awesome
Utility,eeobq,Normal
Utility,apykm,Standard
Utility,cpiaa,Romantic
Essential,ffoji
Essential,zrxdy
Luxury,tdvgp
Essential,tqifc
Luxury,cdjfr
Luxury,asngp
Essential,ahstl
Essential,ocluo
Luxury,cltaa
Utility,hnhkb,Rare
Luxury,dbrrz
Utility,tsixo,Awesome
Essential,pezwx
Luxury,cqtji
Utility,pmnjt,Normal
Essential,qmega
Utility,cziby,Rare
Utility,oebvt,Normal
Essential,elnti
Luxury,gvmvx
Essential,stnyt
Utility,xeehh,Normal
Luxury,uojub
Luxury,pfmlp
Essential,jtchk
Essential,xgxwz
Utility,cpckq,Romantic
Utility,ojnho,Awesome
Utility,jrfhh,Rare
Essential,vsjmp
Utility,mmabd,Normal
Essential,zjpwv
Essential,elyff
Utility,grmai,Normal
Utility,wdmiq,Standard
Essential,xxwzc
Luxury,mknea
Essential,tkmun
Essential,pbizs
Utility,nploo,Rare
Essential,awmed
Essential,wcdrg
Utility,igqms,Normal
Essential,kiepa
Essential,yuraf
Essential,exnmt
Utility,aixny,Rare
Utility,vmakc,Standard
Essential,awyns
Essential,pbiqb
Essential,yuxkd
Utility,oxrnj,Normal
Utility,cvcho,Romantic
Utility,shivx,Standard
Essential,cwaji
Utility,kgiev,Awesome
Luxury,vcsfk
Essential,ybyps
Luxury,ltsqy
Luxury,znpbu
Utility,ktkdu,Rare
Essential,yyyqb
Luxury,dnnty
Luxury,lmimj
Utility,jkjgf,Rare
Essential,gluhh
Luxury,sbfkx
Luxury,kpqbz
Utility,fpglj,Normal
Luxury,fjcko
Luxury,mjsbm
Luxury,cgoml
Luxury,zuuxw
Utility,dzymh,Rare
Luxury,ikfix
Utility,dwimk,Standard
Essential,dywxt
Essential,kljqk
Luxury,lzjvo
Luxury,byozf
Utility,kkcvr,Normal
Luxury,okrcv
Luxury,bflav
Utility,uxzjg,Awesome
Essential,oegcb
Luxury,tabgz
Utility,yelra,Rare
Luxury,ekpde
Luxury,pcsep
Essential,nnxfr
Utility,pdbzb,Normal
Utility,towvn,Rare
Luxury,qeijn
Luxury,klwhv
Utility,pdqaa,Romantic
Luxury,ouvwg
Utility,rouhl,Romantic
Luxury,oavkh
Luxury,ucgqo
Luxury,udxwa
Essential,kiocb
Utility,xamza,Rare
Luxury,egkhg
Essential,zxihu
Utility,timyj,Standard
Utility,enfbh,Normal
Luxury,zxpsx
Essential,pyufw
Essential,kjgcd
Essential,jloqb
Essential,rzeqd
Luxury,cmirr
Luxury,pwokv
Essential,igham
Luxury,cnwmy
Utility,jdjev,Romantic
Luxury,zpmky
Utility,rmgdg,Awesome
Utility,gcufj,Awesome
Utility,tqvzs,Romantic
Utility,xsmtw,Awesome
Essential,mizvj
Essential,yknpk
Essential,djjed
Essential,uvphh
Utility,ostey,Rare
Luxury,ojrhf
Luxury,ncxnp
Essential,nskex
Utility,zpouo,Normal
Essential,mgcln
Utility,hjeac,Normal
Utility,yzrqo,Normal
Luxury,oejjb
Utility,mhchu,Romantic
Essential,pxegb
Utility,kzvap,Rare
Luxury,jdpjj
Essential,zffvd
Luxury,drdmm
Essential,kautd
Luxury,loktu
Utility,yrihn,Normal
Utility,sgoqw,Standard
Essential,nytmp
Essential,ityug
Utility,iwgws,Standard
Essential,rgypa
Utility,husxv,Normal
Essential,pofad
Essential,dflpf
Essential,pdcun
Utility,xinqh,Awesome
Luxury,kroru
Utility,lbbnu,Standard
Essential,mjiei
Essential,upgrt
Essential,jblyo
Essential,mdrug
Essential,azjds
Utility,yszis,Awesome
Utility,xvfaf,Standard
Luxury,ethfr
Luxury,ubpbo
Luxury,fpglk
Essential,zuirq
Essential,szauz
Utility,veucq,Romantic
Essential,fzrmd
Utility,hhaov,Standard
Utility,kcqej,Standard
Essential,mzuqn
Luxury,ykwkt
Luxury,tjtao
Utility,wpkbi,Romantic
Utility,fupow,Standard
Essential,qxcij
Utility,gorjr,Standard
Utility,xjfgn,Romantic
Utility,xeozr,Awesome
Luxury,tnaaa
Utility,crzzo,Rare
Essential,kofmg
Utility,rjsac,Romantic
Essential,onnul
Luxury,njeyj
Essential,vogji
Luxury,nyezb
Essential,fnbgd
Luxury,dobgz
Luxury,lcbqf
Luxury,wydzl
Essential,acdju
Utility,qdcuj,Standard
Utility,djphf,Awesome
Utility,rcilt,Awesome
Utility,quany,Normal
Essential,jxwtm
Essential,vrkjy
Luxury,eedgu
Essential,cmwyh
Luxury,dnuyg
Luxury,dmfjm
Utility,grywk,Standard
Utility,snrvl,Romantic
Luxury,nsgok
Essential,wmipf
Luxury,mcpxt
Utility,vgres,Normal
Essential,djaiq
Essential,tcikg
Luxury,wvgfl
Essential,mtppy
Luxury,ahbfk
Luxury,weqdm
Luxury,mtwif
Luxury,xtxxw
Luxury,opziv
Utility,ndyaf,Standard
Essential,eimso
Essential,lukws
Luxury,oiddm
Utility,bzfks,Awesome
Utility,yzvzl,Standard
Essential,krioy
Utility,wqfek,Normal
Essential,jckah
Utility,jzzzd,Awesome
Luxury,qiuna
Essential,otdkk
Essential,ugspo
Utility,mvten,Rare
Luxury,zwant
Essential,rjwuk
Essential,qedpz
Utility,dzano,Standard
Luxury,lsjwf
Essential,rbphp
Essential,azhfl
Luxury,hyuxd
Utility,ozlej,Awesome
Utility,yyyme,Standard
Essential,iagoa
Utility,zaayg,Romantic
Utility,hcubl,Standard
Utility,nnmvb,Rare
Utility,hloyz,Romantic
Luxury,ntipg
Utility,embex,Standard
Luxury,ilxzr
Luxury,mhrhj
Utility,aafxd,Normal
Utility,nxdjs,Rare
Luxury,nxlvd
Utility,qpjgh,Rare
Utility,gsdvg,Normal
Essential,zhnua
Essential,oioja
Utility,yxykr,Romantic
Utility,khjtm,Rare
Essential,tzads
Utility,knyhm,Normal
Luxury,fyytp
Luxury,inife
Utility,uwxjr,Standard
Utility,blkvz,Rare
Essential,unkga
Utility,pnxwx,Rare
Luxury,cvljj
Utility,txduy,Normal
Luxury,chzen
Essential,etjvc
Utility,ruleb,Romantic
Luxury,xivvs
Luxury,mussb
Utility,jbujy,Rare
Utility,ofziq,Standard
Essential,himuw
Essential,gmzrr
Luxury,efedv
Luxury,xkywr
Luxury,iwddy
Essential,gbswc
Essential,vucbb
Luxury,nkwph
Luxury,bagmg
Essential,taddq
Essential,jdmjd
Utility,xgsxb,Standard
Utility,qhhbj,Rare
Utility,rugon,Awesome
Essential,rvxbx
Essential,haurx
Utility,pwuna,Rare
Luxury,mopgk
Luxury,ndmcz
Utility,accjb,Romantic
Essential,kuszu
Essential,xfxuv
Luxury,zizoc
Utility,nvbka,Rare
Luxury,fojth
Luxury,hbnbe
Essential,cvwtv
Essential,odqxc
Utility,asnmf,Normal
Essential,ixxox
Luxury,biptv
Utility,hehuu,Awesome
Luxury,korfi
Essential,lxckw
Essential,olthh
Essential,gqtni
Utility,nddee,Awesome
Utility,hlwza,Standard
Utility,ymhwd,Standard
Luxury,gpmzf
Utility,wbiiw,Romantic
Luxury,yvmdw
Utility,lhfyg,Rare
Essential,fqija
Luxury,qhnsb
Luxury,lxblr
Utility,teari,Awesome
Utility,yzjfz,Normal
Utility,wlrio,Normal
Luxury,ujopv
Luxury,yhkyi
Utility,cpolr,Rare
Utility,wxeyw,Awesome
Luxury,svqkm
Essential,hyhnn
Utility,lpvax,Standard
Luxury,txwta
Essential,iunwn
Utility,sriki,Normal
Utility,evach,Rare
Luxury,socsl
Utility,dvmbv,Standard
Luxury,xtkff
Utility,dlfro,Awesome
Utility,ossjx,Normal
Essential,vhhii
Essential,gaqsg
Essential,slmzt
Luxury,gazkp
Essential,lryuo
Luxury,feuys
Essential,gmxpf
Essential,ppgpp
Essential,nfyyn
Luxury,ookxk
Luxury,vllwg
Essential,phyzj
Essential,mvrpc
Utility,djnai,Standard
Luxury,zdgzw
Utility,ykhyd,Awesome
Essential,vhegv
Luxury,wpmgx
Utility,jpzvy,Awesome
Utility,kepvh,Romantic
Luxury,frrjv
Essential,tblrc
Utility,azida,Standard
Essential,lruyy
Luxury,sxblu
Essential,hkxod
Essential,smrjx
Essential,vgnaw
Luxury,xkepu
Luxury,ejfcz
Utility,pgxmb,Romantic
Luxury,emmls
Luxury,ewggq
Essential,bdsxz
Utility,smdpz,Romantic
Utility,hugqh,Romantic
Essential,yojni
Essential,nduee
Essential,wothn
Utility,mqcww,Standard
Luxury,drkol
Essential,vqxpn
Luxury,zttcu
Luxury,htbik
Utility,bngjd,Normal
Essential,ntxba
Luxury,prmun
Essential,aagyr
Essential,txofn
Utility,ymeov,Awesome
Utility,hkjwt,Standard
Utility,sswjm,Romantic
Utility,jndfc,Rare
Utility,dapuz,Normal
Luxury,etycb
Luxury,igcvx
Essential,bywbh
Luxury,jqusb
Utility,sunns,Normal
Luxury,vffis
Essential,goesg
Essential,xncri
Essential,ngpoy
Utility,pzzcn,Romantic
Luxury,moegn
Utility,zopax,Standard
Essential,rnvbx
Utility,ockss,Standard
Utility,ylqmu,Awesome
Utility,wpxhv,Awesome
Luxury,akwea
Luxury,szxwq
Utility,aoxyc,Romantic
Luxury,xunsa
Luxury,mttyu
Luxury,xklyg
Utility,wawna,Awesome
Luxury,lmhzw
Luxury,ghssw
Utility,esodr,Awesome
Utility,fzkrx,Normal
Utility,audvh,Rare
Essential,rakht
Utility,ttghf,Standard
Luxury,mqrbn
Utility,vtuge,Rare
Utility,fdpdq,Awesome
Utility,vqbcc,Romantic
Utility,gueue,Rare
Utility,ixuvt,Standard
Essential,iderm
Essential,zbawb
Luxury,cvbqg
Luxury,cuzwr
Luxury,umbhk
Utility,lrtwq,Awesome
Utility,npvzs,Normal
Essential,cgezi
Essential,bsftx
Utility,hncxk,Standard
Utility,caisv,Rare
Essential,jajlz
Utility,hateh,Romantic
Luxury,pckgz
Utility,vrzff,Romantic
Essential,tvdjz
Utility,voeaq,Normal
Luxury,ptgrr
Luxury,cktrw
Luxury,ehcph
Luxury,mkqyc
Luxury,tqhps
Essential,lgwnb
Utility,vuggy,Rare
Essential,jfyyo
Utility,hinfo,Standard
Essential,ztlbx
Luxury,skvle
Luxury,filej
Essential,hckgr
Essential,lmbev
Utility,afbxs,Awesome
Essential,pvssa
Utility,doewu,Normal
Luxury,vuwie
Luxury,fdkmr
Utility,hmbwq,Normal
Luxury,ptaof
Luxury,mphns
Luxury,okqwu
Luxury,kjfdx
Luxury,kosbq
Luxury,dblyp
Luxury,zllby
Luxury,cpezy
Utility,icavk,Romantic
Luxury,jlufg
Utility,eahjv,Awesome
Utility,aaoca,Rare
Essential,tuqrd
Essential,xenuj
Luxury,mudxb
Luxury,votiq
Utility,kueui,Awesome
Utility,grqgv,Romantic
Luxury,fkyhm
Utility,jdrpk,Rare
Essential,hxcmy
Essential,fiioi
Utility,piqxg,Awesome
Luxury,mfeti
Luxury,ehhlf
Luxury,yvawl
Essential,xypzm
Utility,rvbpt,Normal
Luxury,clhhn
Utility,pmnpt,Standard
Luxury,zfztb
Luxury,jfvsn
Luxury,lwszh
Essential,rnzya
Utility,wxvid,Awesome
Utility,cobcc,Romantic
Essential,xmlow
Luxury,vztal
Essential,lsvoo
Luxury,taqng
Luxury,qwqxo
Luxury,iixgg
Luxury,tqqtt
Essential,obrwd
Utility,nqcco,Rare
Utility,upgab,Standard
Luxury,zdsto
Utility,vwhcv,Awesome
Luxury,hyfqn
Luxury,wqsfo
Essential,exlkk
Luxury,fnelr
Luxury,kucjn
Essential,pephk
Utility,diwpm,Standard
Utility,mzege,Normal
Luxury,vwcui
Utility,efwjs,Awesome
Essential,ngkkr
Utility,dscjl,Romantic
Utility,llmmq,Standard
Essential,ainxt
Essential,fflva
Essential,ovpgg
Essential,zkklg
Utility,lmgna,Standard
Utility,rixfn,Rare
Essential,afxfs
Utility,lsjon,Standard
Utility,urewd,Romantic
Essential,tlaqr
Utility,xkkxl,Awesome
Essential,okkbr
Utility,yaucb,Standard
Essential,wauhm
Essential,cukhy
Luxury,attdb
Utility,aemfs,Romantic
Essential,abiui
Luxury,dusza
Essential,xklkh
Utility,nrnkp,Rare
Essential,dmejc
Essential,uxjpu
Luxury,wolcj
Essential,bcila
Essential,ktlmn
Essential,drfdq
Essential,fjpmu
Utility,rfaht,Awesome
Utility,fhhkv,Standard
Luxury,qkqap
Essential,hgjmf
Utility,hhtxp,Romantic
Utility,zoiyq,Standard
Luxury,canjq
Essential,ltfvn
Luxury,xrxzl
Essential,bgrny
Utility,hqete,Romantic
Luxury,yecnh
Essential,lkpmf
Luxury,xjswp
Essential,wflvt
Essential,bjiqu
Luxury,vewfz
Luxury,xtjvg
Luxury,zbqcl
Luxury,zuihj
Luxury,gnvka
Luxury,qjkdv
Luxury,tzofv
Luxury,pgrky
Luxury,ectpk
Essential,mcblh
Essential,qlpxi
Essential,rxwsw
Luxury,iydtr
Utility,jqzqa,Rare
Essential,tippa
Utility,dqqyx,Normal
Luxury,ykssx
Utility,nmycp,Awesome
Essential,ytbhd
Utility,ybyct,Standard
Utility,zyxwv,Rare
Utility,iuhei,Awesome
Luxury,zgrep
Essential,srhuv
Luxury,wzzic
Utility,eguuk,Normal
Utility,xwlth,Romantic
Essential,zyyqk
Utility,zvyfk,Rare
Essential,vlhso
Luxury,xxske
Essential,sajmn
Essential,aulaz
Utility,xnykl,Awesome
Utility,eaxuy,Awesome
Luxury,jqqtj
Utility,oianu,Normal
Essential,juhzl
Utility,qzvtz,Rare
Luxury,ugsdh
Utility,tswyu,Awesome
Essential,mkdgd
Utility,nldpv,Romantic
Luxury,mocvh
Essential,fgifi
Luxury,vwyad
Luxury,wyjtl
Luxury,poxwl
Essential,grvzl
Luxury,jkhkx
Utility,uolae,Awesome
Luxury,wazek
Essential,xrzma
Essential,xrjhe
Luxury,hkkav
Utility,fcokw,Rare
Luxury,ctzdn
Luxury,offvh
Luxury,guxsl
Luxury,aoylm
Utility,iejnq,Normal
Essential,orvqe
Luxury,bggpw
Luxury,ulzcb
Luxury,oxzhq
Utility,eztca,Standard
Luxury,syviu
Luxury,qxddw
Essential,sgudg
Utility,ovrxd,Standard
Essential,blcqa
Luxury,hotqb
Utility,vmplx,Standard
Utility,jltsb,Awesome
Utility,sriim,Awesome
Luxury,lshei
Luxury,gozdu
Luxury,qcxzp
Utility,qcbip,Awesome
Luxury,rvdcf
Utility,tbejo,Rare
Essential,qoqsc
Utility,nzldr,Normal
Luxury,ruskt
Essential,efnga
Luxury,ghlvj
Utility,jufdp,Standard
Luxury,xyiuz
Utility,vxfcp,Normal
Luxury,uksko
Essential,nszud
Luxury,nucsj
Utility,bwxsb,Awesome
Luxury,rodsd
Essential,zqgoo
Essential,khppr
Essential,eiuaz
Essential,kfjqc
Essential,jkgin
Luxury,ksxzn
Utility,zxicu,Awesome
Utility,owwza,Romantic
Luxury,xesfu
Essential,wijgy
Luxury,luimq
Utility,kbiar,Awesome
Utility,ohfvt,Romantic
Utility,unpro,Rare
Essential,ctujc
Essential,fofgm
Utility,vujvo,Normal
Essential,mxffa
Utility,qpbvw,Romantic
Utility,xdnpt,Romantic
Luxury,iljus
Essential,oxnzr
Luxury,flpfu
Essential,cufqv
Luxury,obpqb
Essential,jincm
Luxury,rgytl
Luxury,hagzm
Luxury,udgqh
Utility,iniiv,Standard
Essential,valtz
Utility,czqwz,Romantic
Essential,tiadq
Utility,ktmwb,Standard
Essential,wgfyq
Essential,hbymx
Luxury,ndfgk
Luxury,mfaag
Utility,lkbpe,Awesome
Utility,asfii,Rare
Essential,csitk
Essential,lnmoz
Luxury,pewik
Luxury,qgsak
Essential,pkbqx
Essential,joyfu
Essential,qiutz
Luxury,fnelv
Luxury,dqfbn
Essential,cvgys
Essential,ggtkz
Utility,vgfws,Rare
Essential,sjbwb
Utility,toexq,Awesome
Essential,urbmm
Luxury,cpsvu
Essential,thpen
Luxury,wtvvg
Luxury,kpvtf
Essential,qpoas
Luxury,suaxa
Utility,jqvyo,Rare
Essential,mbmyf
Essential,lmpkd
Essential,ccwbt
Essential,knupz
Luxury,lixii
Essential,ynjvn
Luxury,uzqcz
Luxury,qwvad
Essential,vklyq
Utility,maeaw,Normal
Luxury,dlmgf
Utility,rthey,Normal
Luxury,fqmds
Luxury,nwhzs
Essential,ltivj
Utility,avuzy,Standard
Luxury,lcpce
Essential,nxuzs
Essential,ssner
Utility,efmjt,Rare
Utility,tuuyu,Standard
Essential,mhgrw
Utility,miczf,Standard
Utility,evopu,Standard
Essential,zuraj
Utility,yujcr,Romantic
Essential,bbgqo
Utility,jumlg,Normal
Luxury,lgnaq
Luxury,cbhzg
Utility,dxpmc,Romantic
Utility,bxxpn,Rare
Essential,mjpvv
Essential,tcohj
Essential,omnuh
Essential,cckfi
Essential,zlind
Utility,vijbu,Romantic
Essential,ptdsj
Utility,hhumk,Normal
Utility,xvwtz,Standard
Essential,ybnwy
Luxury,frgai
Luxury,kbtzt
Utility,vhxej,Awesome
Utility,kkfue,Rare
Utility,uskga,Normal
Essential,lblzk
Utility,qkuiu,Awesome
Utility,ezcpj,Awesome
Essential,fxjon
Essential,sjbei
Luxury,egjft
Utility,hwakl,Standard
Essential,xfiwj
Utility,sttst,Romantic
Utility,mbdty,Romantic
Utility,ijbbx,Awesome
Essential,pnaut
Utility,nltgk,Normal
Utility,mgtwy,Standard
Utility,yfete,Rare
Essential,kesmb
Luxury,rjkor
Luxury,vhpbz
Luxury,uncoq
Luxury,qzosm
Luxury,pxhai
Luxury,omyeh
Utility,wxuxj,Rare
Utility,tonwp,Normal
Utility,xgkjp,Rare
Essential,crohh
Luxury,pykue
Luxury,gqwqm
Luxury,pxnib
Essential,etjur
Essential,nxbjn
Utility,gulav,Rare
Utility,uibqs,Standard
Luxury,innwx
Essential,nbhpc
Essential,gmvmn
Essential,yioxn
Essential,mpapu
Utility,eoial,Awesome
Utility,heghf,Standard
Luxury,fhnxt
Essential,utkpp
Utility,qoshv,Romantic
Utility,ugzgd,Standard
Luxury,ozzmo
Luxury,xtbff
Essential,aamie
Essential,jleit
Luxury,zxjkk
Utility,hexvs,Awesome
Essential,ytejm
Essential,honky
Luxury,dzqwi
Utility,uwout,Standard
Essential,qgqnq
Utility,tqevm,Normal
Utility,lohvh,Normal
Luxury,oemsp
Essential,smhlm
Essential,awezk
Utility,ujblh,Awesome
Essential,bsfmr
Essential,rsvpl
Utility,tcctp,Awesome
Essential,xmlco
Essential,aqxod
Luxury,ognvd
Essential,qaszq
Utility,aycbu,Normal
Essential,uhjgt
Luxury,dtnsu
Luxury,lfgis
Utility,fopqz,Standard
Essential,jdvoj
Utility,bpgks,Romantic
Luxury,cjbzy
Luxury,mmpsp
Essential,ehdox
Utility,dsjuw,Rare
Essential,uydtx
Utility,xabqb,Standard
Utility,egetq,Normal
Essential,gzmhx
Essential,xqxze
Essential,wdmly
Utility,cfmtb,Rare
Luxury,kpszn
Utility,meqkp,Romantic
Utility,razox,Normal
Luxury,cungw
Luxury,difqf
Luxury,vgnkp
Utility,ipddz,Normal
Utility,uyelz,Normal
Utility,bydch,Awesome
Utility,purqc,Standard
Utility,ldlgu,Normal
Utility,pjhvx,Rare
Essential,beves
Utility,omsig,Normal
Luxury,ycicg
Essential,xttax
Luxury,strfz
Luxury,noehs
Luxury,qwkkh
Luxury,wtcri
Essential,xnhzn
Utility,lgsab,Awesome
Essential,dwvqf
Utility,dvfcu,Standard
Luxury,drewz
Luxury,ertld
Utility,fjrjv,Standard
Utility,tqwpb,Standard
Essential,tmbnf
Essential,bmmum
Utility,citoe,Awesome
Utility,xrnlf,Standard
Essential,lvnvf
Luxury,mypld
Utility,swmbf,Awesome
Utility,flkst,Normal
Essential,uvupd
Essential,nxxbi
Luxury,qqoyg
Utility,wmbwl,Standard
Luxury,iwwqm
Utility,pdkmr,Normal
Essential,uuzux
Utility,rmptj,Rare
Luxury,zdtnd
Luxury,foofq
Utility,iyupf,Awesome
Luxury,oekni
Luxury,jmhqh
Utility,rhphd,Romantic
Utility,ixfuk,Romantic
Utility,lygla,Standard
Utility,seoic,Normal
Luxury,bopko
Luxury,stibq
Utility,ifksh,Rare
Essential,obcif
Essential,lsvzx
Essential,uwhlb
Utility,zgdrc,Awesome
Utility,vecfn,Standard
Utility,yogap,Rare
Essential,dpjdq
Luxury,oswev
Utility,gfyha,Rare
Essential,cowtn
Essential,roywi
Utility,qrebq,Rare
Luxury,hpmko
Luxury,reemc
Essential,ddrxx
Essential,hplnw
Utility,rdwcv,Rare
Luxury,jkjfg
Utility,yefmg,Romantic
Utility,xxiye,Rare
Essential,bjbvc
Utility,ibsxl,Normal
Essential,lrjen
Essential,cqmbj
Luxury,xeqaj
Utility,mohnl,Normal
Utility,xarzp,Romantic
Essential,moeqo
Essential,aevof
Essential,mcmgs
Essential,gyhaz
Luxury,fzajz
Utility,zyxzj,Romantic
Luxury,mzdeu
Luxury,guhgm
Luxury,kvnji
Luxury,fcsnk
Luxury,cqvdj
Luxury,raqps
Utility,iyzav,Rare
Utility,lhyzh,Awesome
Luxury,yarzv
Utility,vokbd,Romantic
Luxury,sutqs
Essential,bnjiq
Luxury,gpypv
Luxury,ewfoi
Utility,aqovg,Romantic
Utility,mlaml,Romantic
Essential,vndgw
Essential,imilh
Utility,ehyut,Awesome
Essential,tileh
Utility,gfqsi,Normal
Essential,kfeus
Essential,wwulb
Luxury,vgfnh
Essential,qbjhu
Luxury,hvwck
Essential,rrnvd
Essential,iuuif
Essential,sdhbh
Essential,ouxqc
Utility,ftyfl,Awesome
Essential,iqkoe
Essential,pfqxg
Essential,jhsmx
Essential,yaujl
Luxury,qhpez
Luxury,hvpqr
Utility,xvbag,Standard
Utility,wtvbj,Standard
Luxury,yhuwc
Utility,zjkbf,Romantic
Essential,liyrb
Utility,izcpz,Romantic
Luxury,mzzcf
Utility,hrzsc,Standard
Utility,uyhzn,Standard
Essential,hsaoz
Luxury,hievk
Essential,ykgvs
Luxury,qtrmu
Utility,wgcqn,Awesome
Utility,rlrlz,Awesome
Luxury,qjxlw
Essential,vnnte
Luxury,ejiue
Luxury,hiunz
Utility,amlmq,Rare
Utility,wjmwj,Awesome
Luxury,stivs
Luxury,qbeqq
Essential,lztox
Essential,aebju
Luxury,oqaxy
Utility,kvvtn,Romantic
Utility,pnvhr,Standard
Utility,grvxc,Awesome
Essential,zfely
Luxury,gtiot
Luxury,xcdrr
Luxury,lbzdx
Utility,bmbwm,Normal
Luxury,blzsq
Utility,mjefo,Rare
Utility,ynfiz,Awesome
Essential,dkjii
Essential,luvhh
Essential,xrzxy
Luxury,mppna
Luxury,nimad
Utility,nhlkv,Standard
Essential,bwwfv
Luxury,qipfv
Essential,ghhhi
Essential,yfwde
Utility,ndiel,Standard
Essential,chyaj
Utility,ntagy,Awesome
Luxury,ksivh
Essential,vmizy
Luxury,ukgal
Utility,tipnp,Awesome
Essential,ulbor
Utility,skxlz,Awesome
Essential,tqdso
Luxury,hdmsk
Luxury,hdwdq
Essential,fkzjg
Luxury,hsvlg
Luxury,fvhoe
Luxury,ilbem
Essential,dpmeq
Luxury,azjwx
Luxury,rrlbb
Essential,rpmrc
Utility,xtcae,Standard
Essential,dytat
Luxury,mhwss
Utility,yteox,Romantic
Essential,kmvvw
Utility,fyysj,Rare
Essential,nhekn
Utility,hnexk,Romantic
Essential,txmbe
Utility,uiyeq,Romantic
Luxury,mbhvw
Essential,lougy
Essential,clgwj
Luxury,okerr
Luxury,mbrgn
Essential,kprgk
Utility,zlspa,Normal
Luxury,gscml
Luxury,akpsz
Essential,ffbym
Essential,ngpod
Luxury,zlrhk
Utility,uofll,Normal
Essential,ryrjj
Essential,ooplr
Utility,tvnwx,Rare
Luxury,nehzw
Luxury,rkepj
Essential,xmmms
Utility,cghsl,Standard
Utility,hyopg,Rare
Luxury,ffyrz
Utility,zpmwm,Standard
Utility,ydztk,Normal
Essential,ulfsl
Luxury,wmucg
Utility,sdfyx,Romantic
Luxury,xaoyd
Luxury,tzxkb
Luxury,jbxzs
Essential,fmwao
Luxury,onvsi
Utility,ilemj,Rare
Luxury,mxyej
Essential,fowes
Utility,tlfrd,Normal
Utility,slzkw,Normal
Utility,cclmt,Awesome
Utility,xgfdr,Normal
Essential,uwhvx
Utility,rgciu,Rare
Utility,lcagt,Normal
Utility,cvmpo,Standard
Essential,yrtey
Essential,yvqsf
Luxury,ldfxp
Luxury,epnoc
Essential,pkjwn
Utility,yudtd,Rare
Luxury,feesy
Utility,sxbrq,Rare
Luxury,lzswe
Luxury,mmpvw
Utility,xsmob,Standard
Utility,urtto,Rare
Utility,wtayy,Awesome
Luxury,zuooc
Luxury,lnwvl
Utility,djrhl,Awesome
Utility,bfwcm,Normal
Luxury,xpzxl
Luxury,gzmky
Essential,sqcnm
Luxury,lwhus
Utility,oairw,Rare
Luxury,wvxpz
Luxury,qichf
Luxury,qfqrf
Utility,ymdtd,Rare
Essential,rbmlh
Essential,casyk
Luxury,nwqqn
Utility,ejzzm,Rare
Luxury,smisw
Luxury,qzxmy
Utility,pkame,Awesome
Luxury,gkvkg
Essential,thzfg
Utility,kkmcg,Standard
Essential,ufmuc
Utility,oxhxl,Normal
Luxury,ndqzy
Essential,rhdcn
Luxury,noyrm
Utility,voasw,Rare
Luxury,bhira
Luxury,xzuda
Utility,hqlco,Awesome
Utility,nocot,Normal
Essential,vgwws
Essential,dtymc
Essential,nohmu
Essential,rjoek
Luxury,pmtfj
Essential,upxie
Luxury,grmms
Essential,horhb
Essential,kfyvj
Utility,therr,Standard
Essential,algpx
Utility,zmyhh,Normal
Utility,zetlw,Normal
Utility,qgbaw,Awesome
Luxury,xovik
Essential,dgerv
Utility,xwnve,Normal
Essential,hanhr
Utility,rbqoo,Rare
Luxury,jcfdj
Utility,xatsg,Rare
Essential,wqyif
Luxury,aiyvo
Utility,uxxwh,Standard
Luxury,zondu
Utility,ibuur,Rare
Utility,dmnuw,Standard
Essential,gyyxc
Luxury,gfevk
Utility,mrutq,Normal
Utility,snneh,Rare
Essential,ebysb
Luxury,cskvd
Utility,pbucr,Standard
Luxury,gtfbt
Essential,dfsse
Luxury,kjqjw
Utility,kgdsr,Awesome
Utility,ehhpw,Rare
Luxury,lyqbn
Essential,pdlon
Utility,uvipe,Standard
Essential,yettz
Essential,vjwvi
Utility,qxzdk,Awesome
Utility,lsopz,Awesome
Essential,foztu
Utility,kapor,Normal
Luxury,ftyts
Essential,izqyc
Luxury,hhjct
Luxury,lhedn
Luxury,humpb
Luxury,fuvee
Essential,ktkig
Luxury,dbmtl
Utility,jyygo,Romantic
Essential,tygcj
Essential,cnwkn
Essential,ddpra
Luxury,ddfnl
Utility,pjlhx,Rare
Utility,hyqqd,Romantic
Utility,mgiqr,Rare
Essential,rzior
Utility,kskjb,Rare
Utility,whwzx,Romantic
Utility,raudi,Normal
Essential,flqyk
Utility,uhbxk,Romantic
Essential,glbuc
Utility,gcmcf,Normal
Luxury,svemq
Essential,ygnzf
Essential,xuzse
Essential,guiza
Essential,pehmr
Luxury,kyxoy
Luxury,whqhy
Luxury,nraze
Luxury,mjqgs
Utility,hhgjd,Standard
Essential,peudq
Essential,walhv
Utility,xgnww,Standard
Utility,jysdu,Awesome
Essential,qqtcc
Utility,okgjv,Rare
Essential,jbfcx
Essential,zlhyt
Essential,draua
Luxury,rjxpq
Utility,urabj,Standard
Luxury,jiego
Utility,uoiyz,Standard
Utility,ltmnx,Awesome
Utility,irjhm,Rare
Essential,rgmcy
Utility,eswkq,Normal
Luxury,vdlwf
Essential,mzzfu
Essential,xmqwo
Utility,kojyl,Awesome
Luxury,ufmio
Essential,hinqr
Utility,jtglb,Romantic
Luxury,lohms
Utility,ilyaw,Awesome
Luxury,nguqf
Essential,hgtkq
Luxury,ipzqs
Essential,ppvly
Essential,vdarv
Utility,znlxs,Normal
Utility,gwkwj,Standard
Utility,moxrb,Rare
Essential,wpzca
Essential,ewhnc
Luxury,ntktc
Utility,nqnfv,Normal
Essential,srqop
Luxury,pgatg
Luxury,pjjfs
Essential,zzblk
Luxury,qglvx
Luxury,htiqx
Utility,pwmes,Standard
Utility,eycfa,Standard
Luxury,cpykv
Essential,lcepd
Utility,udyjl,Romantic
Luxury,pubpv
Utility,pqpns,Romantic
Utility,yfuni,Standard
Essential,uaioh
Essential,ooyuf
Luxury,wwvvp
Essential,lykul
Essential,bnyke
Utility,jlocg,Awesome
Luxury,pocxz
Essential,hpowq
Utility,motis,Rare
Luxury,aalvi
Utility,tjpoy,Awesome
Essential,iynty
Essential,hfmnf
Essential,kxvaz
Essential,xixvu
Essential,huaem
Essential,xsgmf
Essential,fuqhf
Luxury,uuelc
Utility,pptsx,Romantic
Essential,rjout
Essential,fbucu
Essential,fwtki
Luxury,dewun
Luxury,lnpqh
Essential,bunif
Utility,zgfcx,Standard
Utility,hpnpc,Romantic
Luxury,kqtsu
Luxury,caqpr
Luxury,vceuh
Luxury,ovkuq
Utility,hbpyb,Normal
Luxury,mhkjf
Luxury,nhsqp
Utility,wcwkb,Awesome
Luxury,yamyf
Utility,siyws,Rare
Luxury,rzhai
Essential,orpju
Essential,wuiis
Luxury,uaake
Essential,ueoym
Luxury,jrdgo
Utility,selzw,Rare
Utility,fmpoi,Standard
Luxury,xjqlj
Utility,qaiic,Romantic
Utility,jckpm,Awesome
Luxury,jxwds
Luxury,tlrwh
Essential,efmhy
Utility,pgbli,Rare
Luxury,aommi
Essential,kuxna
Utility,kdfsp,Normal
Utility,zydfe,Romantic
Utility,cveyo,Awesome
Essential,xyrqb
Essential,yhvcq
Essential,kemfi
Luxury,mscan
Luxury,enhku
Utility,dmhdo,Rare
Essential,pglij
Utility,nxjfz,Standard
Utility,ugbuf,Standard
Essential,fwxet
Utility,ggtvh,Awesome
Essential,cqdps
Utility,piuev,Romantic
Utility,zmerc,Normal
Essential,imbde
Essential,hisem
Essential,hidkf
Luxury,qcjnx
Utility,qjgfs,Awesome
Utility,zlacj,Normal
Essential,orwcn
Luxury,dlwqg
Luxury,ferxi
Essential,egyko
Essential,mgrwr
Utility,jjbcs,Standard
Utility,mtdie,Standard
Utility,qsusd,Romantic
Essential,kavfc
Luxury,pcxyu
Luxury,flxyz
Utility,xzbmf,Awesome
Utility,kdhbc,Normal
Utility,yzlgp,Awesome
Luxury,pinjg
Luxury,haxqx
Utility,cfelr,Romantic
Utility,gdyyp,Romantic
Utility,uvsrc,Awesome
Essential,egclo
Luxury,lzzxh
Essential,auiqa
Utility,bppll,Awesome
Essential,rdifp
Utility,sphzv,Romantic
Essential,rntyu
Essential,pkibs
Utility,dywvr,Rare
Essential,qamyb
Utility,njjoo,Standard
Utility,zpffa,Normal
Utility,gcbzl,Standard
Utility,abpcj,Standard
Essential,vnoqz
Essential,omzay
Essential,yaria
Essential,yaolw
Luxury,nnqyq
Utility,oydiz,Normal
Utility,lrspx,Standard
Utility,gmytj,Rare
Essential,apnrw
Luxury,soaje
Essential,odqhs
Utility,gtkpu,Standard
Essential,xmcth
Luxury,klgct
Utility,acxnx,Normal
Luxury,wvvim
Luxury,akfvt
Luxury,nrokh
Essential,usvkc
Utility,jjyau,Normal
Utility,rcalp,Normal
Luxury,edmgl
Utility,kymxm,Awesome
Luxury,yalur
Essential,rvfbk
Utility,qtxya,Romantic
Essential,jifuu
Utility,wgutq,Awesome
Luxury,aatnf
Essential,otogf
Essential,gqfuf
Luxury,hmszu
Luxury,vpjvu
Luxury,wjfqq
Utility,ydpxs,Awesome
Utility,cholq,Awesome
Essential,smezj
Essential,zaftu
Luxury,obzgz
Luxury,lqqdy
Luxury,yitfk
Utility,gjqfu,Rare
Luxury,kozur
Utility,znmau,Romantic
Luxury,jlkxm
Luxury,ulyun
Essential,fogcu
Utility,ycupk,Romantic
Essential,hxvxn
Essential,jaape
Luxury,rpmkc
Luxury,iyixs
Essential,gsiha
Luxury,hfgxd
Essential,hmdwu
Luxury,qbvqp
Essential,lhkjl
Utility,lcdlo,Romantic
Luxury,adivf
Essential,qwyrm
Essential,hsbjj
Luxury,idwhq
Utility,tklln,Standard
Utility,gvkar,Normal
Luxury,attia
Essential,ujshz
Utility,nljlz,Standard
Luxury,bpzpi
Essential,nzwpy
Essential,itbtf
Luxury,yefbq
Essential,npfyi
Utility,ufqgo,Normal
Luxury,hehmf
Essential,tegrf
Luxury,apeuz
Luxury,nwhte
Luxury,hoamb
Luxury,mivkx
Luxury,ssbbo
Luxury,ykzdt
Luxury,wxoyz
Utility,zrmre,Awesome
Utility,sswxy,Rare
Essential,yxjwv
Utility,oplcq,Standard
Utility,qqzdb,Romantic
Utility,qfpwk,Awesome
Utility,bzndr,Awesome
Utility,aldas,Awesome
Luxury,fabuk
Luxury,oakvz
Utility,uqygl,Awesome
Utility,mtuvy,Normal
Utility,bdgsz,Rare
Luxury,smgbe
Utility,xopvf,Normal
Essential,iqida
Utility,mjfbv,Normal
Essential,ceykv
Utility,cxjsm,Rare
Luxury,vjnao
Essential,vlqxd
Utility,dqksn,Awesome
Luxury,ksuwy
Essential,yafcy
Utility,uaclc,Normal
Essential,avjzx
Utility,qvvhj,Awesome
Essential,rlpeo
Utility,hweiw,Awesome
Luxury,gdpih
Essential,lzleo
Utility,sqnpl,Awesome
Luxury,jfrtu
Essential,krbya
Utility,onbmz,Normal
Essential,memhj
Luxury,vpzhd
Luxury,qdqjs
Essential,nkzdu
Essential,brgfk
Luxury,gbiio
Luxury,ksjhp
Essential,texeg
Luxury,qtozw
Essential,ybehw
Essential,bqjwr
Luxury,evaet
Utility,ydikz,Romantic
Luxury,jftxc
Luxury,mmauu
Luxury,jzzga
Utility,elkdv,Normal
Essential,hyzbs
Utility,kbore,Normal
Luxury,udtto
Essential,buugn
Essential,uinib
Essential,kcdxi
Essential,usuis
Luxury,omulb
Essential,rwnod
Utility,ljphz,Romantic
Essential,pjmmw
Utility,aabwm,Normal
Utility,dupeq,Romantic
Luxury,yeyoy
Utility,oynih,Romantic
Utility,cbltb,Rare
Luxury,hyrcc
Utility,qvllx,Normal
Luxury,fuyem
Luxury,vndtg
Luxury,yxxzl
Luxury,niozo
Essential,tqoqc
Essential,xteom
Essential,yixus
Utility,srzel,Romantic
Essential,cutav
Utility,iecjm,Standard
Utility,eouxm,Standard
Luxury,pxoum
Utility,izutb,Awesome
Utility,jkjrf,Awesome
Utility,rotzx,Awesome
Luxury,fsmml
Utility,lhhqd,Romantic
Luxury,iyrhv
Essential,tpvrz
Luxury,jyfzm
Luxury,byppu
Essential,tovqw
Essential,glkpy
Luxury,tibrt
Utility,piuyt,Awesome
Utility,aftfr,Awesome
Essential,dafam
Utility,tajov,Standard
Essential,ecrzj
Utility,iumlk,Awesome
Utility,ezasp,Normal
Utility,xpyts,Rare
Luxury,abzai
Luxury,yoead
Utility,jclxo,Rare
Essential,dsrif
Utility,wnwhx,Romantic
Luxury,wtjgb
Luxury,fiyts
Utility,wqjlk,Awesome
Luxury,qmtjx
Luxury,mwqbk
Utility,wolba,Rare
Essential,ktorb
Essential,prvwd
Luxury,zzgmi
Luxury,udbxm
Essential,onytl
Essential,rfmtt
Luxury,pvusw
Luxury,eknnl
Utility,zjyos,Standard
Utility,pgxrq,Rare
Luxury,tgwwg
Utility,nunzf,Romantic
Utility,jjvkd,Standard
Luxury,kiqaf
Luxury,lecfu
Luxury,trygm
Luxury,smqqh
Luxury,qmvwa
Utility,gdvnk,Rare
Luxury,mlqom
Essential,biuzr
Essential,zgyfb
Luxury,pwayt
Utility,oezqw,Normal
Essential,fjqlk
Luxury,tyrue
Luxury,eciop
Luxury,gvlch
Essential,unpna
Utility,ogabb,Awesome
Utility,psawn,Normal
Luxury,eljdq
Utility,xkmbo,Romantic
Essential,jstlc
Utility,lznpl,Awesome
Luxury,enagu
Essential,jvjhk
Essential,usznr
Luxury,tdtpy
Luxury,naugz
Essential,hhcoh
Essential,dvqrv
Utility,auykv,Rare
Utility,oycgt,Standard
Luxury,kojbo
Essential,soykv
Utility,imvds,Standard
Utility,sscan,Rare
Utility,qycwn,Romantic
Utility,twwjl,Standard
Essential,nupau
Luxury,fkxtf
Luxury,kfhpm
Luxury,khjgk
Essential,toowb
Luxury,pokjt
Utility,kuwai,Normal
Utility,ekemc,Normal
Utility,kzggp,Normal
Utility,svvmn,Rare
Luxury,drgka
Utility,cangr,Romantic
Essential,fzwah
Essential,ffjtx
Utility,mhxwy,Awesome
Utility,fodmq,Normal
Utility,rfkaj,Rare
Essential,lzvww
Essential,ejmfd
Luxury,xfkhl
Luxury,frubu
Utility,iveqe,Normal
Luxury,ngxti
Essential,odnhf
Essential,qgbak
Utility,fqntr,Awesome
Luxury,rysyy
Utility,kmyok,Standard
Luxury,dumxn
Luxury,hoijh
Luxury,umtzt
Essential,urjtw
Utility,utpiv,Awesome
Utility,myeua,Rare
Utility,tobda,Normal
Luxury,slaxj
Essential,svfvb
Utility,yyxfg,Standard
Utility,kuzho,Awesome
Utility,iyenv,Rare
Essential,oifao
Luxury,eavep
Luxury,ipdrc
Luxury,naxtd
Utility,ebvxp,Rare
Essential,xwhmh
Utility,mjmlk,Awesome
Utility,ywyda,Awesome
Luxury,asrek
Utility,psatx,Normal
Luxury,ulgri
Utility,escvl,Romantic
Essential,fdrng
Utility,qkcrm,Awesome
Essential,adhoe
Luxury,acoxv
Essential,yvjok
Luxury,lclcs
Essential,tezak
Utility,hibec,Standard
Luxury,cdxdl
Essential,skwkz
Luxury,ydnej
Essential,andim
Essential,jkcil
Essential,oxrae
Utility,yyiok,Rare
Luxury,tifbv
Essential,scsbw
Utility,oskhe,Rare
Utility,wsywj,Romantic
Utility,fhphh,Normal
Utility,knmvi,Romantic
Luxury,arhey
Utility,biaho,Rare
Utility,zkwwc,Rare
Utility,ffzxn,Romantic
Luxury,zomvm
Utility,facxh,Romantic
Luxury,hxjpc
Luxury,lzavx
Utility,oiair,Standard
Luxury,uiyhb
Essential,ztosz
Essential,rytps
Utility,bafpq,Normal
Essential,rkpmm
Utility,borto,Awesome
Luxury,spvod
Essential,cjlsx
Luxury,qmozj
Utility,nlmhl,Rare
Utility,balip,Standard
Luxury,pmlpy
Luxury,vytgf
Luxury,vcwqt
Utility,whxbx,Rare
Essential,moqkw
Essential,qrhzw
Utility,xfmgt,Romantic
Utility,nczog,Romantic
Essential,lpfpp
Essential,wxjjh
Essential,vdsga
Essential,vqsgh
Luxury,tvtfw
Utility,edlnf,Normal
Luxury,rrkse
Essential,fwizw
Essential,hxxiv
Utility,hqbbu,Awesome
Essential,boedi
Essential,klxua
Essential,peyrm
Essential,lnids
Utility,gudyx,Romantic
Essential,ltyby
Utility,uaasu,Romantic
Utility,ubofl,Rare
Utility,ndcid,Normal
Luxury,jgvwb
Essential,itnza
Utility,ygyno,Normal
Essential,iypua
Luxury,srwlv
Essential,svman
Luxury,cukyt
Utility,dsgdk,Rare
Essential,xjsdn
Luxury,elxeu
Essential,nfnre
Essential,diftg
Essential,vposd
Essential,bxpzz
Essential,qybde
Luxury,bgzmr
Essential,mtkpb
Essential,ernlt
Utility,ldqvh,Awesome
Utility,nlzqq,Rare
Luxury,gimzi
Luxury,sfuxf
Luxury,cnbck
Essential,bjufl
Essential,etqdy
Essential,dewva
Luxury,pflks
Luxury,wybae
Utility,rdurl,Awesome
Luxury,ajvvb
Essential,liolq
Luxury,nidci
Essential,gakoz
Essential,hkqpg
Utility,lmsal,Standard
Luxury,euvyj
Luxury,eswnu
Essential,mqikv
Essential,pyiia
Essential,dlfyt
Utility,ojqry,Awesome
Essential,gjpno
Essential,pfjwa
Utility,lhhyl,Rare
Luxury,cjiey
Essential,xnbjg
Utility,sdqiw,Rare
Luxury,vyzht
Utility,bwyop,Romantic
Utility,ztdjr,Rare
Luxury,snrtr
Essential,zpkqc
Luxury,fvong
Utility,mxraa,Awesome
Essential,khvea
Utility,wdlza,Rare
Essential,yuonm
Luxury,hixhl
Utility,jpsuj,Romantic
Luxury,rjhxg
Utility,fbkee,Romantic
Utility,jhnic,Romantic
Utility,qwjco,Romantic
Utility,zthsh,Normal
Essential,kmrub
Luxury,atwwy
Luxury,sgjqe
Utility,fnvte,Normal
Essential,rijes
Utility,ihmxu,Rare
Luxury,setsb
Luxury,digdj
Utility,wffjw,Standard
Essential,wbegh
Luxury,vvtrt
Luxury,sztiv
Essential,fccci
Luxury,oxqzf
Essential,qgqsz
Essential,ntyxg
Essential,rrilf
Luxury,ypbvm
Utility,upvar,Standard
Utility,tsnnu,Normal
Luxury,imuez
Utility,flfwe,Awesome
Luxury,zlelk
Utility,xvcmb,Standard
Luxury,jmvwr
Essential,qbxri
Utility,lsyzq,Normal
Utility,txgmf,Normal
Essential,eyzfw
Essential,xpfee
Utility,oeujb,Romantic
Luxury,wsdzm
Essential,kbihe
Luxury,nwudp
Utility,yebri,Romantic
Utility,wsuzn,Awesome
Utility,rwinw,Standard
Essential,jeztn
Luxury,doxfg
Utility,mshkr,Rare
Essential,baedr
Utility,xoxqi,Normal
Luxury,tpwrc
Utility,ghqzt,Normal
Luxury,nzhgh
Luxury,irbfb
Essential,lzqmf
Essential,bilcg
Essential,ybhxd
Essential,qfvda
Luxury,mvovq
Essential,ftkea
Utility,zfnxs,Normal
Luxury,xzwup
Essential,xhyjx
Essential,fczva
Essential,trjej
Luxury,ujbos
Luxury,fjwjs
Utility,rsedi,Rare
Essential,ckjte
Essential,itldg
Luxury,etncg
Utility,ujlsb,Awesome
Utility,hqlxe,Rare
Essential,qklyv
Luxury,lwuvw
Luxury,twlow
Utility,ktste,Awesome
Luxury,dtdyq
Essential,zhyab
Utility,zjwmk,Rare
Utility,lqgxd,Romantic
Utility,ytajk,Romantic
Utility,hxjse,Normal
Utility,lkkoa,Normal
Essential,zslig
Utility,kxfdv,Romantic
Luxury,yxaax
Essential,lgrjo
Utility,exsek,Rare
Utility,sajch,Standard
Essential,zmygx
Essential,phnma
Luxury,ylwcz
Utility,ahsdg,Rare
Essential,gapzp
Essential,oxbqg
Essential,vuvjm
Essential,aylfc
Essential,dywpj
Luxury,lfjwj
Utility,akgac,Rare
Essential,zdood
Utility,edjzt,Rare
Luxury,jbmeq
Essential,vsxyd
Utility,zqwfq,Rare
Essential,gyqyj
Luxury,nzdqd
Essential,qgvxi
Essential,kfhja
Essential,anezh
Utility,vjvks,Awesome
Luxury,dxepm
Essential,zfeon
Utility,fdoib,Standard
Utility,msmeu,Awesome
Utility,jfryc,Rare
Essential,qgold
Utility,bfpii,Standard
Luxury,brnzn
Utility,pgwtl,Romantic
Essential,nzizj
Luxury,kjdcw
Luxury,qhzbx
Essential,lebip
Utility,wkdno,Standard
Utility,wmvpy,Standard
Luxury,ohrdl
Utility,ubosc,Normal
Essential,qcphm
Luxury,luedi
Luxury,agxhw
Utility,uautz,Awesome
Luxury,rpbgq
Essential,gvcwj
Luxury,qaaho
Luxury,mgwtu
Utility,dkmpo,Awesome
Essential,nlvhy
Luxury,vokfd
Essential,gcduf
Luxury,uovrp
Essential,fpsrw
Essential,nyyne
Utility,wacxc,Standard
Luxury,wsssi
Luxury,fbtwb
Luxury,bmenz
Essential,gcnvv
Luxury,bntts
Luxury,kglib
Essential,ijgip
Utility,yzjuj,Rare
Utility,dhioh,Standard
Essential,lsitp
Utility,bnnrh,Normal
Luxury,uwewi
Luxury,pcgss
Utility,ccoot,Normal
Luxury,pfbjg
Utility,umlvj,Awesome
Utility,adicn,Romantic
Utility,udwya,Standard
Luxury,fgelg
Essential,ajppw
Utility,nrvey,Romantic
Utility,pokwy,Awesome
Essential,uurxa
Luxury,bqmpg
Utility,tqsiy,Normal
Essential,novoo
Utility,dwuhi,Awesome
Utility,qvxcp,Standard
Essential,nntgb
Luxury,vjfed
Utility,echwe,Rare
Utility,lvcsj,Standard
Luxury,jlfxa
Luxury,mwmqk
Luxury,cmkbb
Essential,idbwf
Luxury,jhtfx
Utility,ompzo,Awesome
Luxury,jzbmw
Essential,kbdkm
Utility,jxfxv,Awesome
Essential,leoen
Utility,pvxll,Rare
Essential,giovh
Essential,ydbxy
Essential,qokes
Luxury,irzrh
Luxury,guago
Luxury,iatif
Luxury,oekqx
Utility,ujivi,Standard
Luxury,faxjy
Essential,ayhat
Utility,rqpot,Romantic
Essential,bzwxr
Essential,jlecj
Luxury,qrazk
Luxury,mtqqf
Utility,qqlvu,Awesome
Luxury,rclzc
Utility,uyuka,Romantic
Luxury,jxbiq
Essential,diqme
Utility,nyevo,Normal
Utility,yxtkv,Awesome
Essential,ntqby
Essential,aqfke
Luxury,ilgov
Luxury,xrxxy
Luxury,kjnvd
Luxury,oqxkh
Utility,dyfrf,Standard
Essential,vrhrh
Essential,ysnsz
Luxury,stxrd
Utility,mbikj,Rare
Essential,jvllx
Utility,xvbbi,Rare
Essential,iiwvi
Essential,miund
Essential,jnwdh
Luxury,nqvek
Utility,rmzmq,Normal
Essential,whavl
Utility,wuadz,Rare
Utility,sjwkd,Awesome
Utility,hwrqc,Normal
Essential,zenta
Utility,cjneo,Awesome
Luxury,qfaqd
Essential,nvglw
Essential,qhhts
Luxury,izjmf
Utility,ahjid,Awesome
Utility,ivsgv,Normal
Utility,uyjwl,Awesome
Essential,rwvhe
Utility,ltepk,Romantic
Luxury,mipjj
Luxury,revga
Luxury,yiowr
Essential,mvtpy
Essential,pqwos
Utility,janru,Romantic
Essential,hgkkt
Utility,rhhtp,Normal
Utility,curmf,Rare
Luxury,iubyq
Luxury,tspbl
Utility,rfgyk,Rare
Utility,thzcd,Awesome
Essential,dykmk
Luxury,bbczd
Utility,wxlhd,Awesome
Utility,eohuj,Rare
Luxury,vbjko
Utility,liaol,Romantic
Luxury,llzzc
Utility,ldetp,Rare
Utility,altes,Rare
Essential,qfroz
Luxury,myebd
Luxury,gpcdm
Luxury,lnurh
Luxury,rivzc
Luxury,jvbbj
Essential,uvivh
Utility,ifapi,Normal
Luxury,qxwbo
Essential,huqol
Luxury,kjrtg
Essential,fpzjy
Essential,qlopy
Utility,qbyzk,Romantic
Essential,onpuw
Essential,ltgct
Luxury,gqoss
Essential,deeke
Utility,lwoza,Standard
Essential,gqffd
Luxury,lznhb
Essential,ioigt
Utility,skkpp,Rare
Luxury,rizpy
Essential,utamp
Essential,cxlde
Essential,qqxml
Utility,hiwio,Standard
Luxury,yqvyy
Utility,tiyra,Standard
Utility,peeus,Standard
Essential,jsxsk
Essential,kigej
Essential,egmva
Utility,qjqkw,Standard
Essential,ebeku
Luxury,ctead
Essential,lhvuo
Utility,nlbgb,Standard
Luxury,etvtj
Utility,nqnqo,Romantic
Essential,kixjk
Luxury,tnzhg
Essential,mwrff
Essential,gpxah
Utility,ziewm,Awesome
Luxury,sbrtq
Luxury,paqpd
Essential,pprdr
Utility,icthg,Normal
Essential,odmvi
Luxury,tzlww
Luxury,ppmem
Utility,pbgpr,Rare
Utility,dorru,Awesome
Essential,bigdc
Luxury,cxxml
Essential,qqmkr
Essential,qccww
Utility,ueybw,Awesome
Luxury,llfsg
Utility,jydxc,Awesome
Utility,sadzc,Rare
Luxury,bekzf
Utility,pybuj,Standard
Utility,zjnsa,Awesome
Utility,vwjay,Standard
Luxury,fqwmb
Essential,vdyhp
Utility,pmudc,Rare
Essential,aksgl
Essential,nlmuc
Utility,ottfl,Rare
Essential,ixsqe
Utility,kyemk,Standard
Utility,plxyr,Normal
Luxury,brine
Essential,kfsuo
Utility,bnolp,Standard
Luxury,nglrw
Luxury,jihkz
Luxury,yfzlx
Utility,lyvcl,Romantic
Utility,kbgtz,Romantic
Utility,vsvvl,Normal
Utility,aiecc,Awesome
Utility,qvyfc,Standard
Utility,deohn,Normal
Utility,muocv,Normal
Luxury,zezkp
Utility,qqpdx,Romantic
Utility,narmo,Awesome
Luxury,erjdv
Utility,tnqjk,Normal
Luxury,ndunv
Essential,upqxj
Essential,uopat
Utility,clbbi,Rare
Utility,egofy,Standard
Essential,dzkif
Luxury,qeeda
Luxury,tsmla
Essential,agflk
Essential,mkpse
Essential,hhxyk
Essential,klfeq
Utility,rlvhz,Awesome
Essential,bvnjc
Utility,spiaz,Standard
Utility,eczts,Normal
Luxury,jwqyy
Utility,ztdjv,Standard
Luxury,zsywl
Utility,pznvr,Rare
Luxury,eavio
Essential,qfehe
Luxury,aflrb
Utility,olzpl,Romantic
Essential,quudy
Essential,btxvp
Essential,gorpu
Luxury,eqoyc
Luxury,tadta
Utility,agdgp,Awesome
Utility,xspag,Standard
Utility,rbvwn,Romantic
Luxury,wxowr
Luxury,otvvn
Essential,ldiiz
Utility,klxmb,Romantic
Utility,hnuvn,Normal
Utility,xjqeo,Awesome
Luxury,xberj
Utility,uzkgy,Romantic
Essential,ckxep
Luxury,ubdpz
Utility,fesyo,Normal
Essential,dztuj
Utility,jgvgj,Normal
Utility,lytbt,Rare
Utility,epyfm,Awesome
Essential,mmhjd
Luxury,yjwju
Luxury,qtkbp
Essential,wpktj
Essential,ngpeb
Utility,dhgjc,Awesome
Essential,djudw
Luxury,eqaby
Luxury,zpkkk
Utility,dzvft,Romantic
Utility,zrggy,Awesome
Luxury,ckidy
Utility,fonmh,Rare
Utility,ncodk,Awesome
Essential,pymxb
Utility,tztvs,Awesome
Utility,jkahm,Standard
Luxury,gcoom
Utility,ykefa,Standard
Essential,luhnq
Utility,xzmpt,Romantic
Utility,mbrbu,Romantic
Utility,kpyxm,Standard
Utility,xcybu,Normal
Luxury,dhekt
Luxury,ajmfu
Essential,klezz
Essential,aplhy
Luxury,tlnpn
Essential,rvutj
Essential,kgfhx
Utility,yjoyj,Rare
Utility,jgice,Standard
Utility,pinoa,Standard
