Single,desperate,iwxam
Single,choosy,ymsqz
Single,desperate,jhobd
Single,choosy,rswis
Single,desperate,ywwcb
Single,desperate,dudkm
Single,choosy,dcsri
Single,desperate,oxsif
Single,normal,xalug
Single,choosy,bmkgx
Single,normal,bbbwe
Single,choosy,kvsmh
Single,choosy,ocwnp
Single,choosy,ewbze
Single,desperate,edchv
Single,normal,cpvky
Single,normal,pmmzh
Single,choosy,lpcwt
Single,desperate,xumax
Single,desperate,zikpb
Single,choosy,fhoxj
Single,choosy,qusvk
Single,choosy,ounww
Single,choosy,rijjy
Single,normal,wfivn
Single,desperate,sblao
Single,choosy,pkgre
Single,normal,esqkk
Single,choosy,xukqx
Single,normal,ctjkl
Single,choosy,bwofw
Single,desperate,cbzir
Single,normal,nrbtj
Single,desperate,yoyse
Single,normal,fwhjl
Single,choosy,xzbfn
Single,choosy,pgkhx
Single,desperate,ibfir
Single,choosy,isfpi
Single,normal,ijzye
Single,normal,eokma
Single,choosy,cdpau
Single,normal,vgaht
Single,choosy,tmpwa
Single,normal,rrcen
Single,choosy,fiest
Single,desperate,acpaz
Single,choosy,zqbfp
Single,desperate,tybia
Single,choosy,ytkju
Single,normal,wtygy
Single,desperate,lavxi
Single,normal,muqki
Single,choosy,coukj
Single,normal,flbhn
Single,normal,dxvbc
Single,choosy,zfeon
Single,choosy,vmxef
Single,normal,napiq
Single,desperate,wegfe
Single,desperate,znlus
Single,desperate,kuzwq
Single,normal,mfpoj
Single,choosy,bykyf
Single,desperate,gykft
Single,desperate,afkwe
Single,desperate,qveig
Single,choosy,xqvue
Single,normal,xymla
Single,normal,xbqbi
Single,normal,wnvil
Single,desperate,cdccz
Single,choosy,jywad
Single,choosy,gsere
Single,normal,wqblz
Single,desperate,fgdzv
Single,normal,flhly
Single,desperate,uxzsw
Single,choosy,ubzhl
Single,normal,qoizg
Single,choosy,ulbjd
Single,choosy,jyvzx
Single,desperate,xjznf
Single,normal,fvgci
Single,normal,vmefn
Single,desperate,kuqpm
Single,normal,qfmom
Single,normal,fnnoi
Single,desperate,tetnp
Single,normal,ynqzv
Single,desperate,zpnum
Single,desperate,whdak
Single,desperate,bzhki
Single,choosy,shasz
Single,choosy,czmjx
Single,desperate,nfwcl
Single,desperate,nymxy
Single,desperate,srbqj
Single,desperate,zogpm
Single,normal,zrvgm
Single,normal,mhavy
Single,desperate,ipgvb
Single,desperate,ukcpd
Single,choosy,zpgkc
Single,normal,eshdz
Single,desperate,kdrml
Single,choosy,iekxe
Single,desperate,vinfs
Single,normal,gpuxo
Single,normal,begxf
Single,normal,ktlwp
Single,choosy,vqyca
Single,choosy,scqqw
Single,desperate,oslpj
Single,choosy,nmueb
Single,choosy,hgnle
Single,normal,symsf
Single,desperate,bsbcv
Single,desperate,mhuul
Single,choosy,adztf
Single,desperate,skqnk
Single,desperate,gxizm
Single,choosy,fdcsa
Single,choosy,eizzu
Single,normal,elwnc
Single,normal,eeynz
Single,normal,hblso
Single,choosy,kwtwn
Single,normal,pvhze
Single,normal,wcfxh
Single,desperate,cooyk
Single,normal,hvojn
Single,desperate,dachr
Single,choosy,wxlnl
Single,choosy,opilo
Single,choosy,bwwwq
Single,normal,lhpun
Single,normal,jragh
Single,desperate,obtaa
Single,desperate,lvpvu
Single,desperate,qvtzu
Single,normal,ougal
Single,choosy,gtcao
Single,desperate,tvelb
Single,choosy,wfvoz
Single,desperate,pszph
Single,desperate,jokok
Single,desperate,lhpnc
Single,desperate,glsbt
Single,normal,vwinn
Single,normal,tqrvg
Single,choosy,otvhj
Single,normal,wkajo
Single,desperate,bcrpj
Single,choosy,xhapk
Single,choosy,kuoop
Single,desperate,zilxo
Single,desperate,gijfu
Single,choosy,rpign
Single,normal,rergx
Single,normal,oquoa
Single,choosy,mqicj
Single,choosy,nnjkm
Single,choosy,nqcom
Single,normal,tpssj
Single,choosy,cojfc
Single,desperate,rigzq
Single,normal,duolr
Single,choosy,fyife
Single,choosy,fplvi
Single,choosy,cqjky
Single,desperate,snnmv
Single,desperate,lsuza
Single,desperate,dufsf
Single,choosy,rhoac
Single,normal,iskju
Single,normal,yqysl
Single,desperate,qgrsu
Single,choosy,swleu
Single,desperate,ugshi
Single,normal,yiabw
Single,desperate,erekv
Single,desperate,bkggq
Single,choosy,pbcae
Single,desperate,hobyt
Single,normal,dfoyx
Single,desperate,ktimv
Single,choosy,sskef
Single,choosy,cmlwn
Single,normal,ysqvg
Single,desperate,zhfpo
Single,desperate,nsqhh
Single,normal,qizre
Single,normal,gcenq
Single,normal,kyfuk
Single,desperate,xagzf
Single,normal,hjmbq
Single,choosy,bjsjc
Single,normal,ohezo
Single,normal,appxf
Single,desperate,utvhl
Single,choosy,gpbwj
Single,desperate,ouasg
Single,desperate,alqvf
Single,desperate,aurom
Single,choosy,wkdiq
Single,normal,xxwah
Single,choosy,ofsfb
Single,normal,gwlaw
Single,choosy,dutpi
Single,choosy,nwymo
Single,choosy,sqoqq
Single,choosy,yoooi
Single,choosy,rbpik
Single,choosy,kybao
Single,desperate,nmuli
Single,choosy,oaaxq
Single,desperate,vdnro
Single,normal,qxpht
Single,desperate,ndebg
Single,choosy,iomey
Single,desperate,jiuck
Single,choosy,xzlxt
Single,desperate,vjmht
Single,normal,nheum
Single,desperate,izfok
Single,choosy,acfep
Single,choosy,itvea
Single,desperate,ljszz
Single,desperate,zdzlu
Single,choosy,yamas
Single,desperate,tjymy
Single,normal,kfuxa
Single,desperate,xskqa
Single,choosy,kzkzi
Single,normal,iqupt
Single,normal,ytvxp
Single,normal,coaji
Single,choosy,ohfzp
Single,normal,dddcv
Single,desperate,jhqlg
Single,choosy,tbohj
Single,normal,gmhvi
Single,choosy,quboa
Single,desperate,nfrbh
Single,normal,iixcm
Single,desperate,mzoza
Single,normal,gtjwt
Single,desperate,xgaov
Single,desperate,fywxo
Single,choosy,uzzxc
Single,desperate,nawgf
Single,choosy,sjvgn
Single,desperate,lvqbp
Single,desperate,zfbij
Single,normal,yubzl
Single,desperate,eojgb
Single,choosy,nshdr
Single,desperate,yfapt
Single,normal,shqlk
Single,desperate,scndg
Single,choosy,nkwzy
Single,choosy,hkojo
Single,choosy,uusps
Single,choosy,dtgrs
Single,normal,cbuoj
Single,normal,ogebt
Single,choosy,vedwx
Single,normal,mqowy
Single,normal,xdani
Single,desperate,muwzf
Single,normal,llzge
Single,choosy,qzrsv
Single,desperate,swquv
Single,normal,sqlkl
Single,choosy,zrccj
Single,desperate,smxql
Single,choosy,xcsno
Single,choosy,mnbhq
Single,choosy,txhhs
Single,desperate,wubwa
Single,normal,jumwf
Single,desperate,ohonx
Single,choosy,elkeg
Single,choosy,ccbhb
Single,desperate,egqna
Single,normal,juoqm
Single,normal,wtyis
Single,desperate,jayta
Single,normal,tuhip
Single,desperate,kkoii
Single,desperate,bdfyd
Single,choosy,kovtt
Single,choosy,rzlaa
Single,desperate,dbapu
Single,desperate,svinq
Single,choosy,vufen
Single,desperate,xnsje
Single,desperate,jyhva
Single,choosy,oxflf
Single,normal,gwuqx
Single,normal,bhciu
Single,desperate,hzxsl
Single,choosy,rzwmg
Single,desperate,rxdfi
Single,desperate,wurjp
Single,normal,eqsrs
Single,normal,mojtr
Single,desperate,gkmxo
Single,desperate,yfgcm
Single,normal,yvbei
Single,normal,wpfop
Single,desperate,wqail
Single,desperate,hncee
Single,normal,nxlsw
Single,choosy,nqvbr
Single,desperate,xinkv
Single,desperate,xudiu
Single,normal,jkkgw
Single,choosy,ihokm
Single,desperate,kaabb
Single,choosy,qkkvd
Single,desperate,wsegc
Single,choosy,qbhbx
Single,choosy,uqwij
Single,desperate,ghrag
Single,normal,uhrny
Single,desperate,iqqjm
Single,normal,gnnvn
Single,choosy,bdcfs
Single,desperate,nxlwz
Single,normal,hsxtd
Single,choosy,xwgjo
Single,normal,nfabk
Single,normal,isskb
Single,choosy,xkavr
Single,desperate,wnixx
Single,normal,iglxs
Single,normal,iypfm
Single,desperate,vbafo
Single,choosy,uljhf
Single,desperate,gsfci
Single,choosy,ihksj
Single,choosy,rqbdy
Single,desperate,xsgmi
Single,desperate,kycuc
Single,choosy,acelt
Single,desperate,mobak
Single,choosy,ghrat
Single,choosy,pkpxe
Single,choosy,exsmn
Single,choosy,ipgml
Single,choosy,rlfmr
Single,desperate,fajjy
Single,choosy,lplal
Single,choosy,zpuix
Single,desperate,itxlw
Single,desperate,qecdi
Single,choosy,cdtjf
Single,desperate,vivcr
Single,normal,zquxp
Single,choosy,cvkzz
Single,normal,esxrc
Single,choosy,gbprt
Single,normal,khirz
Single,desperate,xlayt
Single,desperate,vkzfk
Single,desperate,ktejj
Single,normal,vdqbo
Single,desperate,mdsbu
Single,normal,pbrdd
Single,choosy,edddl
Single,choosy,ccwxw
Single,choosy,zhqxb
Single,choosy,bbqjk
Single,choosy,wylkg
Single,choosy,becpo
Single,normal,aocip
Single,normal,utlee
Single,choosy,ndmwt
Single,normal,umlov
Single,choosy,gqpfi
Single,normal,cmbwh
Single,choosy,dnqny
Single,normal,mfhwb
Single,desperate,ookeq
Single,desperate,pkeoo
Single,desperate,qcdpm
Single,desperate,fsoew
Single,normal,hccql
Single,normal,oyyab
Single,choosy,sgphj
Single,normal,zsqtn
Single,desperate,ukwkl
Single,normal,wqkxl
Single,desperate,ritbn
Single,choosy,jpuen
Single,choosy,xrtct
Single,desperate,ocwjq
Single,normal,shcth
Single,desperate,jneqa
Single,normal,qhrkd
Single,desperate,gyvmb
Single,normal,tfmgw
Single,desperate,fijgj
Single,desperate,vdtrz
Single,normal,xveia
Single,desperate,qhppj
Single,choosy,utzit
Single,normal,vpahh
Single,normal,ageen
Single,normal,ovmsd
Single,normal,rypks
Single,normal,eytcv
Single,choosy,mffvt
Single,normal,xuxxd
Single,desperate,ofzjx
Single,desperate,jfsfj
Single,choosy,efeln
Single,choosy,fzits
Single,normal,audmj
Single,normal,ldzqz
Single,normal,urfvb
Single,desperate,cqpqt
Single,normal,jmufb
Single,choosy,jdowr
Single,desperate,akkif
Single,normal,amtuc
Single,choosy,nlgqx
Single,normal,xihtw
Single,normal,ctdgt
Single,choosy,mxkkf
Single,desperate,bvbjs
Single,choosy,eaako
Single,choosy,fbfwg
Single,desperate,kcmzn
Single,normal,uykdz
Single,choosy,ukutu
Single,choosy,kigfo
Single,normal,dthml
Single,desperate,mxliv
Single,desperate,buljl
Single,choosy,kmwyl
Single,choosy,fclvy
Single,normal,vtxsk
Single,desperate,beqfz
Single,desperate,aahdn
Single,desperate,entza
Single,normal,nozic
Single,normal,knrxe
Single,choosy,mytwq
Single,choosy,ctfak
Single,normal,edgab
Single,choosy,mqlwo
Single,normal,gfqar
Single,desperate,hdrek
Single,normal,liuka
Single,choosy,natkb
Single,normal,cdshn
Single,desperate,vytbi
Single,choosy,bukkv
Single,choosy,btepe
Single,normal,glhqn
Single,normal,jnyyv
Single,normal,cfwsu
Single,desperate,gyjot
Single,normal,snpmu
Single,normal,xwtbe
Single,normal,thvmp
Single,desperate,ivklj
Single,desperate,ktseq
Single,normal,ldwwe
Single,normal,oxpua
Single,normal,yogwz
Single,desperate,ccboe
Single,normal,qevvm
Single,choosy,outlv
Single,choosy,wfrza
Single,choosy,hlson
Single,desperate,kslqx
Single,desperate,elbmt
Single,normal,askaj
Single,choosy,apmqe
Single,desperate,abwdd
Single,choosy,vcuzx
Single,normal,lclft
Single,normal,uzjms
Single,desperate,twjap
Single,desperate,mlgxj
Single,choosy,nwrnv
Single,normal,shzht
Single,normal,tbaun
Single,choosy,xgyun
Single,desperate,itsrr
Single,desperate,bbauo
Single,desperate,yuswr
Single,normal,higow
Single,normal,foldy
Single,choosy,kvtnc
Single,choosy,deuwz
Single,desperate,lrjgx
Single,choosy,curxb
Single,normal,ljiaz
Single,normal,ddydk
Single,choosy,mqsaz
Single,choosy,rkhjh
Single,normal,yxrhm
Single,choosy,woljw
Single,desperate,aocfo
Single,desperate,ibnnp
Single,normal,agcky
Single,choosy,rwzjo
Single,desperate,bipth
Single,choosy,fwfzm
Single,normal,wfwnl
Single,desperate,xaflt
Single,choosy,psvgn
Single,desperate,axjyv
Single,desperate,gtcmx
Single,choosy,frfko
Single,normal,ysgte
Single,choosy,fwssr
Single,normal,nncet
Single,normal,memhe
Single,normal,zwjwy
Single,choosy,qpzqg
Single,normal,aqmam
Single,choosy,pdrao
Single,desperate,ejcks
Single,desperate,noyvv
Single,desperate,binzw
Single,choosy,ltdla
Single,normal,phicd
Single,normal,qdzoc
Single,normal,wvkpj
Single,choosy,xqeyo
Single,normal,ecmpy
Single,normal,oykdn
Single,normal,nztem
Single,choosy,amfki
Single,desperate,nieet
Single,normal,htemo
Single,choosy,iyxts
Single,normal,smvfs
Single,choosy,nwgwd
Single,normal,zvmbs
Single,desperate,ydbyp
Single,desperate,xefkv
Single,desperate,ibnfh
Single,normal,bubhe
Single,normal,jupvd
Single,desperate,pxtxr
Single,choosy,igjfd
Single,desperate,tnvsh
Single,normal,pmwoo
Single,desperate,wrhwr
Single,desperate,gmcnq
Single,desperate,lrslh
Single,desperate,cvavy
Single,choosy,outic
Single,desperate,ysisn
Single,desperate,adutm
Single,desperate,nztes
Single,desperate,uffhy
Single,choosy,swwpz
Single,normal,eyuhm
Single,normal,dyedh
Single,normal,ptsuq
Single,desperate,zmoan
Single,choosy,bzyzm
Single,choosy,whvnc
Single,normal,tsfqe
Single,desperate,mehfc
Single,choosy,rfcyb
Single,desperate,thmqd
Single,normal,bdnon
Single,desperate,viaen
Single,normal,lgrgp
Single,desperate,eqoqk
Single,normal,dsqzc
Single,choosy,gczdm
Single,choosy,mkksc
Single,choosy,vlrfz
Single,normal,bnqqi
Single,normal,wahho
Single,desperate,fswfs
Single,choosy,wzfhg
Single,choosy,upczy
Single,choosy,umcsr
Single,desperate,qstpw
Single,normal,rjgws
Single,choosy,bmosv
Single,desperate,uyrbk
Single,choosy,rktcm
Single,normal,jiodu
Single,desperate,syfag
Single,choosy,vuwog
Single,normal,fsbit
Single,normal,yufdl
Single,desperate,fyglm
Single,choosy,hnvpr
Single,normal,pubwc
Single,choosy,tgxbl
Single,normal,rngoa
Single,desperate,btgft
Single,desperate,nqtiw
Single,desperate,jvbvz
Single,normal,yctbb
Single,desperate,iktke
Single,normal,bzcvh
Single,desperate,wtavw
Single,normal,hjadv
Single,desperate,dczho
Single,normal,qwavd
Single,desperate,tiytt
Single,choosy,pscmj
Single,normal,eqwta
Single,normal,arrwe
Single,choosy,yolxh
Single,normal,yfdsr
Single,desperate,torav
Single,desperate,lvocm
Single,choosy,iksxg
Single,choosy,scrqa
Single,desperate,aamwr
Single,desperate,irubz
Single,choosy,bwycw
Single,desperate,imyph
Single,desperate,uyunf
Single,normal,rugog
Single,normal,wvxup
Single,choosy,vyuue
Single,desperate,kzejk
Single,desperate,imtah
Single,desperate,sfpfu
Single,choosy,tjunq
Single,choosy,ayrym
Single,desperate,fmjba
Single,choosy,epwko
Single,choosy,ohujf
Single,choosy,oyvwb
Single,choosy,bxahi
Single,desperate,llflu
Single,desperate,fhyjw
Single,desperate,apjdz
Single,normal,rctze
Single,normal,fqqcz
Single,normal,bvdqk
Single,choosy,cnnou
Single,normal,ozgub
Single,normal,dycqp
Single,normal,ousyd
Single,desperate,eqcqj
Single,normal,oqgdh
Single,choosy,yucbx
Single,normal,npuih
Single,choosy,lzuyi
Single,normal,tdvhh
Single,normal,fwrvh
Single,desperate,evejb
Single,desperate,stcrg
Single,choosy,ybjea
Single,normal,tgyqn
Single,normal,qqwgt
Single,desperate,ufabk
Single,desperate,gtqof
Single,desperate,kbjug
Single,desperate,cypyp
Single,normal,kxeny
Single,normal,fxpbf
Single,desperate,ifgqb
Single,desperate,fhssh
Single,choosy,ncwxg
Single,choosy,fntti
Single,normal,rahcj
Single,choosy,ntgvv
Single,choosy,ugbud
Single,normal,dtfwi
Single,choosy,hascz
Single,choosy,wuyay
Single,choosy,imnek
Single,normal,nbxpm
Single,desperate,zyvrl
Single,desperate,ehdxu
Single,desperate,tebzd
Single,normal,tijzl
Single,normal,oephj
Single,normal,rizte
Single,desperate,azbak
Single,choosy,cnukt
Single,desperate,rmgjv
Single,desperate,znhvt
Single,desperate,ceubb
Single,desperate,msnpv
Single,choosy,nddux
Single,choosy,mndnz
Single,desperate,ipjyb
Single,desperate,emnto
Single,choosy,towjl
Single,desperate,mnagh
Single,choosy,bmlfp
Single,normal,nbfnl
Single,normal,jtlvi
Single,desperate,bttlt
Single,normal,nwbuk
Single,normal,rjzkq
Single,normal,jfjgm
Single,choosy,tewes
Single,desperate,ktdtj
Single,desperate,dyyro
Single,normal,xxcrg
Single,normal,wcnjb
Single,desperate,dbepc
Single,choosy,slpib
Single,choosy,hslcj
Single,normal,dgome
Single,choosy,tizhh
Single,desperate,gnppy
Single,desperate,ggrfo
Single,normal,ljxst
Single,normal,fjamz
Single,normal,lkrpj
Single,normal,jpdwz
Single,desperate,nfdia
Single,normal,uoyrb
Single,normal,tnddv
Single,desperate,gewlg
Single,choosy,nixqy
Single,desperate,shfnj
Single,choosy,boywh
Single,desperate,rhart
Single,normal,enxnq
Single,normal,zuuht
Single,desperate,isdir
Single,normal,yyzlz
Single,normal,wynxh
Single,choosy,ayoie
Single,choosy,hkucg
Single,normal,nvhvd
Single,normal,edwlz
Single,normal,cqnzj
Single,desperate,myrzr
Single,desperate,pjmeh
Single,desperate,bugsf
Single,desperate,xnsyb
Single,desperate,fsooq
Single,desperate,mcqfb
Single,choosy,tuiyu
Single,normal,hywbv
Single,normal,mbskg
Single,normal,pvwiq
Single,normal,ihjrg
Single,desperate,ocmlp
Single,desperate,ppibh
Single,choosy,uqmcb
Single,desperate,elymy
Single,desperate,xbako
Single,choosy,yzptf
Single,normal,cybqe
Single,normal,mjgqv
Single,choosy,kduur
Single,choosy,zntug
Single,desperate,gjvqe
Single,normal,zgfqd
Single,desperate,cpkdd
Single,choosy,ojhhx
Single,desperate,jraab
Single,choosy,inbzx
Single,normal,mvagv
Single,choosy,enlme
Single,desperate,kylmv
Single,choosy,qvmia
Single,choosy,dxyxb
Single,desperate,cgwoj
Single,normal,wrcfk
Single,normal,ujnnl
Single,choosy,ifdcp
Single,choosy,opsmj
Single,choosy,xkctb
Single,desperate,kqhne
Single,desperate,cfcyv
Single,choosy,juliy
Single,desperate,lfclk
Single,choosy,khtzz
Single,normal,gvlcc
Single,normal,csyqn
Single,choosy,sybpt
Single,normal,imuqu
Single,desperate,ysbjw
Single,choosy,dlsmh
Single,normal,qgclp
Single,choosy,ibiuk
Single,desperate,wflmh
Single,desperate,rrgts
Single,desperate,mgryk
Single,normal,zdnug
Single,choosy,kxroz
Single,normal,hktrp
Single,desperate,eqqec
Single,normal,ywzoq
Single,desperate,objqo
Single,desperate,cicpq
Single,normal,bfixi
Single,normal,pophg
Single,normal,fkmdf
Single,desperate,pwlnv
Single,choosy,euowh
Single,desperate,rpond
Single,desperate,kkqvu
Single,choosy,ddalw
Single,choosy,iyyoh
Single,desperate,gyxem
Single,choosy,abvmg
Single,normal,tlixi
Single,normal,ncthq
Single,desperate,adoxj
Single,desperate,lbgjt
Single,normal,asbjh
Single,normal,nivnz
Single,desperate,dvejz
Single,normal,asuug
Single,normal,khpgn
Single,desperate,wkurt
Single,normal,dzptf
Single,desperate,szqyl
Single,desperate,yiren
Single,desperate,algza
Single,normal,kxatb
Single,desperate,wvnvr
Single,choosy,tlogb
Single,desperate,qkcae
Single,normal,aehua
Single,normal,kuqrj
Single,choosy,xchox
Single,choosy,fncxc
Single,desperate,yvpax
Single,normal,bbnyb
Single,choosy,tpvbn
Single,choosy,xhnub
Single,choosy,cjiph
Single,desperate,arocm
Single,desperate,kjqpa
Single,normal,yswsu
Single,normal,tzxoi
Single,desperate,xdfwq
Single,normal,prdac
Single,desperate,lfwte
Single,normal,suhkf
Single,normal,hkyls
Single,choosy,yqeby
Single,choosy,omunb
Single,choosy,omqvp
Single,normal,atdie
Single,choosy,uwswj
Single,choosy,anzbd
Single,desperate,rhudg
Single,desperate,jgmmg
Single,choosy,ybpsv
Single,choosy,olvmy
Single,normal,jbcca
Single,choosy,hlvax
Single,choosy,afpjl
Single,normal,juwqn
Single,desperate,sgoon
Single,desperate,gtkib
Single,normal,kwvyd
Single,normal,sotlk
Single,desperate,ffycp
Single,desperate,boyjc
Single,normal,tefvs
Single,normal,bnhik
Single,normal,tcfex
Single,desperate,mebmp
Single,desperate,fdgvx
Single,normal,nhahe
Single,normal,owxni
Single,normal,refve
Single,normal,mfslp
Single,normal,vpjpr
Single,desperate,bjqwm
Single,normal,rbxjr
Single,desperate,ekjlz
Single,choosy,fdgfm
Single,normal,vyatc
Single,normal,wclqt
Single,desperate,xhppn
Single,normal,jepjd
Single,choosy,euuld
Single,desperate,xhmln
Single,normal,xbsbs
Single,normal,elkjk
Single,desperate,azxkd
Single,normal,ojlqb
Single,desperate,vkajj
Single,normal,zsqwb
Single,normal,jcevc
Single,normal,xecxh
Single,normal,vhuza
Single,desperate,qhxxq
Single,choosy,uyusp
Single,normal,qvxoe
Single,desperate,wddaw
Single,desperate,pyezi
Single,choosy,bojpg
Single,normal,yyzqy
Single,normal,zwcif
Single,choosy,mxexw
Single,normal,blluy
Single,desperate,ycnea
Single,desperate,cshbd
Single,choosy,xjucf
Single,choosy,plaqg
Single,desperate,vbfsp
Single,desperate,qrhqj
Single,choosy,qgrfe
Single,choosy,waxyp
Single,choosy,nzppa
Single,choosy,phggi
Single,normal,hwxsl
Single,choosy,vvqkd
Single,normal,yugkh
Single,normal,vixow
Single,choosy,zvmnv
Single,normal,bundb
Single,desperate,lzbww
Single,normal,sagey
Single,normal,kvihh
Single,choosy,lhpip
Single,normal,ljudh
Single,normal,uwevp
Single,desperate,tvwow
Single,desperate,bjgod
Single,normal,hvwwl
Single,normal,gvfur
Single,choosy,lnjmn
Single,choosy,elpqs
Single,choosy,vktar
Single,desperate,hhapb
Single,normal,xywno
Single,choosy,rjdgl
Single,choosy,hyzdx
Single,normal,vlfyk
Single,normal,xskvs
Single,choosy,xbcds
Single,desperate,faxpy
Single,desperate,owzik
Single,desperate,blvcx
Single,normal,zatry
Single,normal,oomuy
Single,desperate,hhbsv
Single,choosy,mvnvw
Single,normal,flmto
Single,choosy,lqwyr
Single,desperate,crmmk
Single,desperate,vovff
Single,desperate,bpcqe
Single,desperate,vhrfu
Single,normal,ankbj
Single,choosy,cvdpp
Single,desperate,ggtlo
Single,desperate,cpcdu
Single,choosy,bjbbi
Single,normal,ftpvc
Single,choosy,qdyxx
Single,normal,dcnae
Single,normal,djxcl
Single,choosy,rdmot
Single,desperate,wfryj
Single,normal,cytju
Single,normal,kofsp
Single,desperate,ilvfl
Single,choosy,mqpqt
Single,normal,erpds
Single,desperate,looai
Single,desperate,iqxno
Single,normal,ytxsk
Single,choosy,hntgc
Single,desperate,ovyyz
Single,choosy,uvbhb
Single,normal,dncrh
Single,normal,nrvlb
Single,desperate,qfzhf
Single,choosy,wohhs
Single,normal,qgbho
Single,choosy,soakg
Single,normal,lvdiw
Single,choosy,yftvm
Single,choosy,miczw
Single,choosy,egikx
Single,normal,vvkhn
Single,normal,iurkp
Single,desperate,crgdb
Single,desperate,mbsfp
Single,normal,tvzdx
Single,desperate,qyewg
Single,normal,ivegt
Single,choosy,yffvn
Single,choosy,admdk
Single,choosy,tavdv
Single,choosy,bgjqk
Single,desperate,sxzkm
Single,normal,xxxlf
Single,desperate,loyai
Single,normal,duydt
Single,choosy,iiuly
Single,normal,kwtmr
Single,desperate,cgwmc
Single,choosy,skivh
Single,desperate,afcgl
Single,desperate,iibgp
Single,normal,jodcm
Single,normal,kpnwo
Single,normal,azypi
Single,choosy,fihmj
Single,desperate,zunel
Single,choosy,ltczw
Single,desperate,pwnbi
Single,desperate,hwsjf
Single,choosy,tmmzc
Single,desperate,lelbj
Single,choosy,drvti
Single,desperate,xqooz
Single,normal,ooooy
Single,normal,awulm
Single,choosy,nmrxo
Single,normal,jqnty
Single,desperate,bygzg
Single,normal,kwtiz
Single,choosy,uzkvq
Single,choosy,xfkba
Single,desperate,bizcj
Single,normal,eomxs
Single,desperate,zente
Single,normal,azbju
Single,choosy,frsgj
Single,choosy,xflhr
Single,normal,edoza
Single,desperate,ralop
Single,normal,qygtk
Single,desperate,zkrud
Single,desperate,irrde
Single,desperate,wqepl
Single,desperate,kngef
Single,normal,xjsit
Single,choosy,widbs
Single,choosy,ixacm
Single,normal,tguix
Single,choosy,wdijw
Single,choosy,foccq
Single,desperate,jsglz
Single,normal,idrjz
Single,desperate,pthap
Single,desperate,rjqez
Single,desperate,iynnb
Single,normal,zbeup
Single,choosy,irapu
Single,normal,haefq
Single,choosy,lzuly
Single,choosy,sltcj
Single,choosy,jtyoc
Single,choosy,gkrdt
Single,normal,tchqv
Single,desperate,avaod
Single,choosy,cibkj
Single,normal,qdsxz
Single,normal,rprmr
Single,choosy,kteoj
Single,normal,uhesk
Single,choosy,drzst
Single,desperate,burfb
Single,normal,zervy
Single,normal,qdbds
Single,choosy,tswia
Single,choosy,oyyzq
Single,normal,zntdl
Single,desperate,xoaeb
Single,choosy,ojfdz
Single,desperate,haabi
Single,choosy,gymbw
Single,normal,tcxup
Single,normal,snkej
Single,desperate,fuxnl
Single,normal,xgpau
Single,normal,rbojm
Single,choosy,drwcy
Single,normal,deoug
Single,desperate,zxrts
Single,normal,xoosl
Single,desperate,nwozk
Single,desperate,sdycq
Single,desperate,tcwpp
Single,choosy,cplvv
Single,normal,huuwa
Single,desperate,tvygu
Single,choosy,qsinh
Single,desperate,bqvfk
Single,desperate,qbyqq
Single,desperate,xfuer
Single,normal,brldt
Single,choosy,omyap
Single,desperate,yyoea
Single,choosy,kogrx
Single,normal,kciou
Single,normal,xhbod
Single,normal,akqpu
Single,normal,deene
Single,choosy,ckfmk
Single,desperate,ifwuw
Single,desperate,nagzt
Single,choosy,vjsjf
Single,desperate,xkkzf
Single,desperate,dxnns
Single,desperate,qgptg
Single,choosy,raztl
Single,choosy,fnnsl
Single,normal,qpdgq
Single,desperate,lnwba
Single,normal,qsiht
Single,choosy,hudyc
Single,normal,pstmt
Single,normal,piavg
Single,desperate,dzckd
Single,choosy,xhtio
Single,choosy,zrwbf
Single,desperate,ixyky
Single,normal,urdcm
Single,desperate,pkflr
Single,desperate,ekixc
Single,desperate,fkiit
Single,desperate,bfqbf
Single,normal,flkxl
Single,choosy,ixfvv
Single,normal,sjnrw
Single,desperate,tgjit
Single,normal,towmp
Single,normal,kimvd
Single,normal,lgvyi
Single,normal,zglzy
Single,choosy,apmlk
Single,choosy,nkrcv
Single,desperate,ejduo
Single,choosy,jufle
Single,normal,ttzst
Single,choosy,gmhsg
Single,desperate,nlbfi
Single,choosy,sawnk
Single,normal,ahsqz
Single,choosy,usjvv
Single,normal,cobcz
Single,desperate,rewaf
Single,normal,cinuk
Single,choosy,xvblz
Single,desperate,ysojl
Single,normal,bfqzg
Single,desperate,ftefd
Single,desperate,wdadl
Single,normal,hrxpk
Single,normal,cmxiy
Single,desperate,rlsge
Single,normal,qqqco
Single,choosy,awvan
Single,desperate,sveuo
Single,choosy,rhxdy
Single,normal,lzwra
Single,choosy,rmqxm
Single,desperate,ljwke
Single,choosy,hmyrl
Single,choosy,xejwc
Single,desperate,nwejl
Single,choosy,dumnh
Single,normal,gqbwx
Single,choosy,arhnt
Single,normal,yuvig
Single,desperate,nusjk
Single,choosy,ianrz
Single,normal,tjtnn
Single,desperate,lqtgk
Single,desperate,vxckd
Single,normal,jbzvf
Single,normal,efiri
Single,desperate,nqvqu
Single,desperate,frdff
Single,normal,cmwpx
Single,desperate,cnhcw
Single,desperate,vrvcc
Single,desperate,liano
Single,normal,jupyx
Single,desperate,xwmhv
Single,desperate,lfsmi
Single,desperate,aedue
Single,choosy,lbutx
Single,desperate,tguml
Single,normal,yhucp
Single,desperate,gxjby
Single,choosy,lvduv
Single,normal,bpvuv
Single,choosy,ervvk
Single,choosy,vrias
Single,choosy,zjlol
Single,choosy,nnvkj
Single,desperate,rijpg
Single,choosy,yupoo
Single,desperate,tbpyz
Single,normal,fktlm
Single,choosy,rkikh
Single,normal,nbxhx
Single,normal,xufel
Single,normal,nnxdn
Single,normal,vadzk
Single,normal,fleqm
Single,choosy,trxvj
Single,desperate,fgpjt
Single,choosy,uudpo
Single,normal,quyvp
Single,desperate,tadeo
Single,desperate,drgjn
Single,desperate,svygr
Single,desperate,kyssr
Single,desperate,vuchd
Single,normal,goehs
Single,normal,dvegt
Single,normal,bzwyj
Single,choosy,gugil
Single,normal,wddgv
Single,choosy,rickb
Single,normal,siuwq
Single,choosy,mpjun
Single,choosy,npavr
Single,desperate,etmrp
Single,desperate,eigod
Single,choosy,ulftt
Single,normal,umofn
Single,choosy,uyjyy
Single,desperate,bpbeq
Single,desperate,nmhrf
Single,desperate,poomn
Single,choosy,gvddm
Single,normal,kjpgs
Single,choosy,dmqvo
Single,choosy,fymhk
Single,normal,bhzof
Single,normal,lhcoo
Single,desperate,mawdm
Single,desperate,rjzrg
Single,choosy,gwkrn
Single,desperate,vctik
Single,normal,hmjer
Single,choosy,ntvul
Single,desperate,moojz
Single,choosy,spptc
Single,normal,vdmfx
Single,choosy,synul
Single,choosy,rjlqq
Single,normal,vjpnm
Single,normal,keclz
Single,normal,ixisd
Single,choosy,rfxmu
Single,normal,fymaj
Single,normal,nkmxb
Single,normal,wfcqc
Single,desperate,plxlu
Single,choosy,kjjgg
Single,choosy,todlp
Single,choosy,ohbrh
Single,normal,lkgww
Single,normal,zznln
Single,normal,fxdao
Single,desperate,bjrvu
Single,normal,dxjkz
Single,choosy,ofvst
Single,normal,rmjdd
Single,choosy,xgxjp
Single,normal,xrrek
Single,normal,juhmo
Single,choosy,vpjch
Single,choosy,jkzfk
Single,normal,gbecu
Single,desperate,jzjjd
Single,choosy,sgwnv
Single,desperate,ohwey
Single,choosy,qnvyb
Single,desperate,alkty
Single,choosy,scemk
Single,desperate,xjghg
Single,desperate,ouebl
Single,normal,jzwsx
Single,desperate,kohzv
Single,choosy,sksbe
Single,normal,xmaoe
Single,desperate,ozfyj
Single,choosy,twobz
Single,choosy,jbcxn
Single,desperate,jlviu
Single,desperate,qopfx
Single,normal,omkci
Single,choosy,eoafo
Single,normal,gdgue
Single,normal,oazjc
Single,desperate,alsga
Single,desperate,hzwsj
Single,choosy,jgoed
Single,choosy,rvdfi
Single,choosy,fthco
Single,choosy,sjpsa
Single,choosy,oohtr
Single,desperate,ihavh
Single,desperate,xfhnk
Single,normal,ulwjw
Single,choosy,xkula
Single,normal,aktow
Single,normal,aujyb
Single,normal,mpyes
Single,normal,xsifh
Single,choosy,tkuvd
Single,desperate,uvqqv
Single,choosy,zuiqo
Single,desperate,nvepz
Single,normal,gzufs
Single,desperate,tiyoq
Single,desperate,ltusa
Single,normal,rpwwp
Single,choosy,xassj
Single,normal,xmoii
Single,choosy,ldjnd
Single,choosy,kjbqg
Single,desperate,nrfhs
Single,choosy,wasep
Single,choosy,izoni
Single,normal,qjjen
Single,desperate,nlwug
Single,normal,igbuk
Single,choosy,wjwjs
Single,desperate,mpthl
Single,desperate,wduhh
Single,desperate,sheci
Single,choosy,dprto
Single,choosy,ukcsf
Single,desperate,jkzks
Single,normal,vjgjq
Single,choosy,naimg
Single,desperate,qkpve
Single,choosy,fddzt
Single,choosy,gjpab
Single,normal,qhwqr
Single,choosy,kfmkg
Single,normal,xpchm
Single,desperate,sitsi
Single,choosy,pnkzi
Single,choosy,giitp
Single,normal,vluyd
Single,normal,qgnod
Single,choosy,hpqko
Single,normal,desbd
Single,choosy,nfiim
Single,desperate,hitpn
Single,normal,gsach
Single,desperate,qfbbk
Single,desperate,jkcmr
Single,desperate,yiexr
Single,normal,ytllo
Single,normal,eogks
Single,choosy,bsntd
Single,desperate,pmwml
Single,choosy,fngch
Single,desperate,icidt
Single,choosy,yrqvg
Single,desperate,fruba
Single,choosy,ohzkl
Single,desperate,muwcl
Single,choosy,cnpaj
Single,desperate,mtlak
Single,choosy,huqfv
Single,normal,fwoef
Single,normal,blwsg
Single,normal,ktlma
Single,normal,walqi
Single,desperate,ljwvc
Single,normal,jucwu
Single,normal,cvsco
Single,choosy,hwqyt
Single,choosy,kibre
Single,desperate,xekwi
Single,desperate,lbkyq
Single,choosy,nqkve
Single,choosy,ooouz
Single,desperate,lqzec
Single,choosy,liokx
Single,normal,owlst
Single,choosy,fwalv
Single,desperate,tnaqy
Single,desperate,cgpzt
Single,normal,ngtpl
Single,desperate,jysuv
Single,normal,qlhsy
Single,choosy,xrpmu
Single,choosy,zxcna
Single,choosy,dvvag
Single,desperate,acjzf
Single,normal,dxwjv
Single,normal,jbqaw
Single,desperate,audoq
Single,choosy,iatxh
Single,normal,iwnbb
Single,choosy,kdncu
Single,desperate,sywca
Single,desperate,qitbu
Single,choosy,xmsdd
Single,choosy,hgdgl
Single,choosy,xljyb
Single,normal,eltgg
Single,normal,pwcqc
Single,desperate,thhks
Single,choosy,gyxqb
Single,desperate,cubtn
Single,choosy,rjdms
Single,desperate,iadvu
Single,desperate,mbnse
Single,desperate,xbcxs
Single,normal,eoafs
Single,normal,qrxdk
Single,desperate,oljga
Single,desperate,cdfho
Single,normal,rvszb
Single,desperate,oemzz
Single,choosy,mioxp
Single,normal,dqmtj
Single,desperate,wmaef
Single,choosy,sdthz
Single,choosy,rtkjb
Single,choosy,pubjz
Single,choosy,vdwla
Single,normal,lvdkn
Single,desperate,kqyox
Single,normal,mjjov
Single,normal,ivvli
Single,choosy,dftti
Single,choosy,gpjgx
Single,desperate,fatfo
Single,desperate,axkdl
Single,desperate,dpvdp
Single,normal,nnrrf
Single,normal,oneif
Single,normal,noeqb
Single,desperate,tuwqb
Single,desperate,nqbyk
Single,desperate,xbyvx
Single,normal,zcuda
Single,normal,vrlcq
Single,choosy,nigtb
Single,normal,vukml
Single,choosy,wspwz
Single,normal,oithl
Single,choosy,dqbpv
Single,choosy,dexqf
Single,choosy,qtyxc
Single,choosy,baswr
Single,choosy,jwtzv
Single,choosy,zodhe
Single,normal,wjuwf
Single,desperate,lvasm
Single,desperate,nyrte
Single,desperate,frjpt
Single,normal,jjpbx
Single,choosy,yulpk
Single,normal,jhnqu
Single,normal,pwgkl
Single,normal,doasf
Single,desperate,fdmnl
Single,choosy,jcqko
Single,desperate,vthsq
Single,choosy,zcsnl
Single,choosy,uyewe
Single,choosy,sabfg
Single,choosy,kipyn
Single,normal,yficu
Single,normal,rhzwv
Single,choosy,sysjs
Single,desperate,hxfdg
Single,choosy,tivie
Single,normal,imiuf
Single,choosy,ndfgz
Single,choosy,duyiw
Single,desperate,ixaqv
Single,desperate,xwima
Single,normal,iziud
Single,normal,vkebp
Single,normal,icjrh
Single,choosy,zaagi
Single,desperate,bsboa
Single,desperate,xrdcb
Single,choosy,cyclp
Single,normal,zykek
Single,desperate,fogeg
Single,choosy,hsutd
Single,normal,hnxpp
Single,normal,mybzt
Single,choosy,sbamo
Single,desperate,mepmm
Single,normal,bmodf
Single,desperate,dpskk
Single,normal,mnosg
Single,choosy,ppfwz
Single,normal,ljtqd
Single,desperate,tlytb
Single,desperate,qjotk
Single,desperate,ypjkh
Single,normal,krvvr
Single,desperate,ipbcd
Single,normal,tiirs
Single,normal,sazde
Single,desperate,sqlyt
Single,choosy,ymagm
Single,desperate,maecx
Single,choosy,wfpsi
Single,choosy,kpije
Single,desperate,lbhvn
Single,desperate,yrznz
Single,choosy,ciumx
Single,choosy,aeizp
Single,normal,xqstn
Single,normal,jjdsd
Single,normal,sxaol
Single,normal,ieqfe
Single,choosy,heycj
Single,choosy,vvsyu
Single,normal,kqtmi
Single,desperate,gsctl
Single,desperate,clzme
Single,desperate,citqu
Single,choosy,dsnpd
Single,normal,hwwjl
Single,desperate,plvem
Single,choosy,hpict
Single,desperate,qppjq
Single,desperate,xudgq
Single,desperate,pepip
Single,choosy,emaia
Single,normal,utjiw
Single,choosy,pvcxl
Single,normal,aixrb
Single,choosy,nwaki
Single,choosy,zfkcw
Single,normal,pgqqv
Single,desperate,evxia
Single,desperate,wnjhn
Single,normal,tbrem
Single,desperate,aitrr
Single,desperate,yxgxj
Single,normal,lerra
Single,desperate,jqcmj
Single,desperate,avqgo
Single,normal,vycux
Single,desperate,rnehe
Single,choosy,idcpj
Single,normal,sxnir
Single,choosy,zpmsa
Single,choosy,adwkv
Single,choosy,hhzwp
Single,desperate,gongw
Single,choosy,cticw
Single,normal,suyuw
Single,choosy,brpcb
Single,normal,ozpfq
Single,choosy,wzdxn
Single,desperate,crpdj
Single,normal,kljhe
Single,choosy,bzziv
Single,normal,lflul
Single,choosy,pasah
Single,choosy,avqcq
Single,choosy,zlxch
Single,choosy,jmyzc
Single,choosy,bbrvv
Single,desperate,nsalq
Single,normal,rwply
Single,normal,cvage
Single,choosy,awxgv
Single,choosy,wdqvm
Single,desperate,tucyz
Single,choosy,rqubu
Single,desperate,totoq
Single,normal,duyhp
Single,desperate,ptpyh
Single,choosy,eqvfe
Single,normal,ywkay
Single,normal,eughq
Single,choosy,pbgbm
Single,choosy,colao
Single,choosy,gfygy
Single,normal,vdujp
Single,desperate,wluyw
Single,choosy,cgprn
Single,choosy,wrinf
Single,normal,trzdb
Single,normal,zexej
Single,desperate,brxmy
Single,choosy,subpp
Single,choosy,izgpx
Single,desperate,mdkjy
Single,normal,wrnlm
Single,choosy,jcfol
Single,normal,svnnq
Single,choosy,jxnbe
Single,choosy,cqbob
Single,normal,qfmgu
Single,normal,ddhpy
Single,choosy,vngdo
Single,normal,gtnll
Single,normal,lexki
Single,normal,uvmxq
Single,choosy,iaksf
Single,desperate,btcji
Single,choosy,jvmaw
Single,desperate,oszzd
Single,choosy,apeft
Single,desperate,yrbut
Single,desperate,fwyvg
Single,desperate,pearn
Single,normal,fisii
Single,normal,hvmql
Single,choosy,xflsp
Single,choosy,oityg
Single,normal,kahna
Single,desperate,ehypz
Single,desperate,xktng
Single,choosy,fnsmr
Single,desperate,thjww
Single,desperate,gmtlm
Single,desperate,yjikw
Single,choosy,fhmea
Single,normal,fquyc
Single,choosy,simxn
Single,desperate,pdiat
Single,desperate,rhkpz
Single,desperate,kwjmm
Single,desperate,naiwl
Single,normal,neytm
Single,choosy,wsnop
Single,choosy,foiwr
Single,choosy,otphd
Single,choosy,vdnog
Single,normal,shaly
Single,choosy,cwvos
Single,choosy,bxyou
Single,normal,mskpz
Single,choosy,tzjmt
Single,desperate,fhsmg
Single,choosy,rzkdb
Single,desperate,evzmi
Single,choosy,yeath
Single,desperate,fatdg
Single,normal,eksge
Single,choosy,breoz
Single,desperate,djzdv
Single,normal,graof
Single,choosy,waynd
Single,choosy,epzyw
Single,desperate,sjbeo
Single,choosy,ynyuq
Single,normal,mqfkg
Single,desperate,lapfk
Single,normal,swsvk
Single,desperate,pgqig
Single,desperate,akqoe
Single,choosy,cdjni
Single,desperate,djisg
Single,choosy,mdadc
Single,desperate,amkqd
Single,normal,gitkc
Single,normal,qucoo
Single,normal,knpnb
Single,desperate,wlhcf
Single,choosy,nncbg
Single,desperate,dhmxz
Single,desperate,agkmw
Single,desperate,mgxjn
Single,desperate,czufv
Single,desperate,rbnyk
Single,choosy,bxeuw
Single,normal,vqwai
Single,normal,uxkwl
Single,normal,khxrm
Single,desperate,beqmk
Single,normal,tpyfe
Single,normal,gkemj
Single,normal,hnymv
Single,normal,lgdxr
Single,normal,uvclb
Single,choosy,vqnrm
Single,choosy,jwjpz
Single,normal,vvxgs
Single,normal,wlodb
Single,normal,mkczo
Single,desperate,hukgn
Single,choosy,hipnb
Single,choosy,vhklz
Single,choosy,dytpn
Single,desperate,grygt
Single,normal,wcowj
Single,normal,jwyej
Single,desperate,hheee
Single,choosy,yrklv
Single,choosy,haxyv
Single,desperate,ytfcv
Single,desperate,cqzbe
Single,desperate,lvdbh
Single,desperate,cobpo
Single,choosy,ficuu
Single,desperate,wmvdu
Single,desperate,hcjgu
Single,normal,lotxp
Single,desperate,dxzsx
Single,normal,rhcnu
Single,normal,lxaeu
Single,desperate,nwerf
Single,desperate,sokjr
Single,choosy,vxnvk
Single,desperate,ywjnh
Single,normal,ylsik
Single,normal,xzjrz
Single,normal,zydmm
Single,choosy,tsfxa
Single,choosy,lzzva
Single,choosy,fagid
Single,normal,emtch
Single,normal,nbjgg
Single,choosy,rmqty
Single,normal,qffgo
Single,normal,lcpyq
Single,choosy,nwssp
Single,desperate,feawt
Single,choosy,gpias
Single,normal,paoft
Single,normal,pjxdn
Single,normal,onehs
Single,choosy,peuva
Single,choosy,xihre
Single,choosy,xwenl
Single,choosy,bsubn
Single,normal,wspgs
Single,normal,poltf
Single,normal,umbwb
Single,normal,msptl
Single,normal,qxyln
Single,desperate,nyzns
Single,normal,hswsa
Single,normal,catgo
Single,normal,tckzq
Single,normal,cqmnz
Single,desperate,lipss
Single,normal,oekhq
Single,normal,skksb
Single,desperate,hnxxr
Single,desperate,ppjov
Single,normal,caipv
Single,desperate,ifdqn
Single,choosy,depoa
Single,normal,hwlxh
Single,desperate,eosqt
Single,desperate,onetw
Single,normal,gpzma
Single,normal,hwrcb
Single,desperate,skfpy
Single,normal,ydlnn
Single,normal,sbffs
Single,normal,rjqpl
Single,choosy,ipjgy
Single,normal,nidvc
Single,choosy,moyyx
Single,choosy,iuzje
Single,choosy,gzhbz
Single,normal,fexgq
Single,normal,mnvlc
Single,choosy,wbpeo
Single,desperate,phjow
Single,normal,rnnxh
Single,normal,eviec
Single,normal,zmcve
Single,desperate,xswao
Single,desperate,qfhhd
Single,normal,djyee
Single,choosy,ferkq
Single,choosy,iqiej
Single,choosy,bwxof
Single,normal,ithow
Single,desperate,rzkye
Single,desperate,jvxgs
Single,desperate,kutps
Single,normal,txxjf
Single,normal,rhuwe
Single,choosy,njjbl
Single,desperate,hxjdz
Single,choosy,jbdza
Single,desperate,tlqul
Single,normal,pqyrs
Single,desperate,dqgpm
Single,normal,ggmtj
Single,desperate,rnnpq
Single,normal,cfdzy
Single,desperate,rpgpj
Single,normal,clxmi
Single,normal,vfziy
Single,normal,cfqqr
Single,choosy,kasbg
Single,desperate,nxykl
Single,desperate,ymspp
Single,normal,gaclz
Single,desperate,biivk
Single,normal,cgwsw
Single,desperate,bzwdf
Single,choosy,hkqys
Single,normal,mtdcc
Single,choosy,lkgpw
Single,desperate,qmqts
Single,choosy,qxmsh
Single,normal,xbvfw
Single,desperate,potwj
Single,choosy,mwruj
Single,desperate,phvwr
Single,normal,rbael
Single,desperate,kypgd
Single,choosy,tisxj
Single,choosy,niwgt
Single,normal,imdzg
Single,normal,rhual
Single,choosy,imowf
Single,desperate,psaqz
Single,choosy,nsuqw
Single,choosy,sgulx
Single,choosy,dlrfa
Single,choosy,rlxzt
Single,desperate,qemgb
Single,desperate,kgdwk
Single,choosy,malom
Single,normal,svhpg
Single,desperate,mwysx
Single,choosy,xapil
Single,choosy,zrdbk
Single,normal,frgdu
Single,normal,wpivu
Single,normal,bcvkv
Single,choosy,hkzgr
Single,choosy,rzytc
Single,desperate,nlilb
Single,desperate,ikbyy
Single,normal,feakj
Single,normal,nrpdx
Single,choosy,lrhhq
Single,choosy,ywglx
Single,choosy,ntwfs
Single,normal,bbldj
Single,choosy,xsrhy
Single,normal,rikyz
Single,choosy,vdnfw
Single,normal,ozkgx
Single,choosy,mezjw
Single,desperate,arkxs
Single,normal,yxyao
Single,choosy,xudcf
Single,normal,rllwy
Single,choosy,dzqbb
Single,normal,jxvge
Single,desperate,alahe
Single,choosy,ieihr
Single,desperate,dfchc
Single,choosy,mbinr
Single,desperate,ezncl
Single,desperate,lnzjk
Single,choosy,xwjtj
Single,desperate,vqpix
Single,desperate,yvgio
Single,desperate,zgtta
Single,desperate,rxegg
Single,desperate,blwxs
Single,choosy,jkjvx
Single,choosy,ixvta
Single,desperate,cyhpm
Single,desperate,scith
Single,choosy,eiyrj
Single,normal,mtbep
Single,normal,kduvh
Single,normal,wusik
Single,desperate,mppeq
Single,normal,lmyxq
Single,normal,sixpt
Single,normal,rgpbn
Single,choosy,xtmow
Single,normal,rgjdd
Single,normal,vlnkz
Single,desperate,wcwfm
Single,desperate,eicsh
Single,desperate,nwedf
Single,desperate,htbnw
Single,desperate,htjdz
Single,choosy,jmuyx
Single,desperate,afjkk
Single,choosy,uzvra
Single,choosy,cihix
Single,normal,wivhb
Single,choosy,irdrb
Single,desperate,vpaby
Single,desperate,pylqy
Single,choosy,mfdms
Single,desperate,nqfvr
Single,choosy,uqsou
Single,normal,zqiqb
Single,normal,utrvk
Single,normal,clxff
Single,choosy,tdyiv
Single,desperate,hnlpt
Single,normal,ufodz
Single,choosy,fdafe
Single,desperate,oypdb
Single,desperate,yvehl
Single,choosy,acwvw
Single,choosy,rrfzs
Single,normal,uqlle
Single,desperate,nprgk
Single,desperate,zbban
Single,desperate,eruxs
Single,normal,tmsbw
Single,desperate,hrvvj
Single,normal,dzocz
Single,choosy,pbkdm
Single,choosy,tsxzn
Single,desperate,ssmyz
Single,normal,lesex
Single,choosy,xdssz
Single,choosy,tqoap
Single,normal,qpobl
Single,normal,drlcu
Single,choosy,easup
Single,normal,qgdoz
Single,desperate,uhzhi
Single,normal,daguu
Single,desperate,oawxm
Single,choosy,rjolh
Single,normal,mnajd
Single,normal,dfpdp
Single,choosy,jhghq
Single,desperate,xcpkw
Single,normal,knhhu
Single,desperate,kazro
Single,choosy,wjffe
Single,normal,vouyc
Single,choosy,goozt
Single,normal,whreh
Single,desperate,jrvaa
Single,desperate,obghd
Single,choosy,olset
Single,desperate,yrbep
Single,choosy,gkkag
Single,choosy,vcsda
Single,desperate,cuadm
Single,choosy,yttxs
Single,choosy,rvdhx
Single,desperate,iztqa
Single,desperate,tufpt
Single,choosy,nrdoh
Single,choosy,bozlr
Single,choosy,vefpg
Single,desperate,qmkhz
Single,choosy,pzgpl
Single,desperate,ldlfz
Single,normal,bzdrj
Single,normal,zzqdd
Single,choosy,amoql
Single,normal,lnssv
Single,desperate,wijts
Single,desperate,oyirb
Single,normal,arqcx
Single,choosy,orfqf
Single,desperate,urgpd
Single,normal,zgves
Single,choosy,kxedq
Single,normal,tysxa
Single,normal,cxygu
Single,normal,titsn
Single,desperate,foymz
Single,choosy,zpgmr
Single,desperate,yqznx
Single,normal,qbilf
Single,choosy,mgxij
Single,normal,jtrlc
Single,choosy,khgwf
Single,normal,ymgrt
Single,desperate,aqmzh
Single,normal,xqpeb
Single,choosy,bieeg
Single,choosy,xvmki
Single,normal,txbcw
Single,choosy,pxrcm
Single,desperate,tqucf
Single,desperate,rqarv
Single,choosy,laryl
Single,choosy,ewpas
Single,desperate,xsaqa
Single,normal,kxzrv
Single,normal,dnbcq
Single,choosy,xdain
