Single,miser,qzhrt
Single,generous,mlkyu
Single,generous,lzqqq
Single,miser,eihmb
Single,geeks,npjya
Single,miser,ohvhw
Single,generous,ljaiq
Single,generous,pxprg
Single,miser,yqwxk
Single,generous,cmldm
Single,miser,wdcum
Single,generous,lteyg
Single,miser,dptrd
Single,geeks,jlxct
Single,miser,gvxoy
Single,generous,mtlzr
Single,generous,xcrum
Single,generous,ytfhz
Single,generous,wepqn
Single,miser,adzwa
Single,generous,atqyo
Single,geeks,pswwn
Single,miser,zgaxn
Single,miser,koqur
Single,geeks,ihghg
Single,miser,swmfl
Single,miser,mwpxc
Single,miser,zbwsa
Single,generous,uouwv
Single,miser,jahtu
Single,miser,ywhun
Single,geeks,qcxtw
Single,miser,bbfom
Single,generous,pkvos
Single,miser,xldms
Single,geeks,gnzdt
Single,miser,euizx
Single,miser,mepqz
Single,geeks,mhrqy
Single,miser,bhsbl
Single,miser,eoham
Single,geeks,axvck
Single,geeks,sxvkl
Single,geeks,ggbug
Single,generous,goael
Single,generous,njree
Single,miser,otufo
Single,geeks,xlpqo
Single,miser,rbwwn
Single,generous,amaus
Single,miser,lywkf
Single,miser,ahtqx
Single,miser,lbhoq
Single,generous,dznte
Single,geeks,duham
Single,geeks,ixolc
Single,generous,lpsji
Single,miser,xjtyd
Single,generous,xyyle
Single,miser,jfipk
Single,geeks,gojtp
Single,geeks,tknpc
Single,geeks,ixrml
Single,geeks,wwpcn
Single,geeks,kwiea
Single,generous,rbuib
Single,generous,avxnn
Single,miser,lgurf
Single,generous,odyxn
Single,geeks,iplno
Single,miser,jnmby
Single,generous,tjuui
Single,generous,fwqxt
Single,miser,deavi
Single,miser,ulxeg
Single,generous,fxurf
Single,geeks,ticyc
Single,generous,jpmma
Single,geeks,thfnd
Single,miser,ackna
Single,miser,tcumh
Single,generous,evlyi
Single,geeks,vhxja
Single,generous,csmwn
Single,geeks,pyyzy
Single,geeks,ghovn
Single,miser,ymoux
Single,generous,szods
Single,miser,vlanx
Single,generous,ogjrd
Single,generous,dnlxt
Single,generous,wjxef
Single,geeks,foykj
Single,generous,jwkrf
Single,generous,tpqpn
Single,miser,awlpb
Single,generous,xmjxe
Single,generous,bkfqf
Single,generous,qiruz
Single,geeks,sfjbh
Single,geeks,nwlid
Single,miser,ughmx
Single,generous,rkofq
Single,generous,txaww
Single,miser,ascoz
Single,geeks,xmgda
Single,miser,akquo
Single,geeks,ybapg
Single,miser,yrcuz
Single,generous,bpifi
Single,geeks,anawq
Single,generous,pjxds
Single,generous,kzkxp
Single,geeks,ngpjr
Single,generous,jjrsz
Single,generous,nmnlx
Single,geeks,pltnw
Single,geeks,iadep
Single,miser,aiypl
Single,generous,smafy
Single,generous,fljzc
Single,miser,mqwhf
Single,generous,njkhl
Single,miser,bxzgt
Single,miser,vkxjb
Single,geeks,ktbaf
Single,miser,ogavn
Single,miser,zufya
Single,miser,herzg
Single,generous,knhkr
Single,geeks,fuvjj
Single,miser,oxmzq
Single,geeks,mzjkg
Single,generous,frwxb
Single,geeks,mutnv
Single,miser,nabvl
Single,miser,lgflv
Single,miser,lwoun
Single,generous,mpzob
Single,generous,cabye
Single,miser,yvpsf
Single,geeks,fgxln
Single,generous,pghch
Single,generous,civsz
Single,generous,udpeh
Single,geeks,erujt
Single,geeks,enjji
Single,generous,iqjxh
Single,geeks,tmboe
Single,geeks,gffip
Single,generous,tmjzx
Single,generous,aftcn
Single,miser,ylxed
Single,generous,xaqpy
Single,geeks,gmyrc
Single,miser,vzskh
Single,geeks,aycie
Single,generous,lxjbx
Single,miser,urddw
Single,geeks,luemf
Single,miser,redba
Single,geeks,aojpp
Single,geeks,olcme
Single,geeks,hnlxr
Single,geeks,ipzay
Single,generous,whrkg
Single,geeks,ukmck
Single,geeks,rdgda
Single,generous,nncok
Single,generous,odjam
Single,geeks,rqxca
Single,geeks,uhxod
Single,geeks,sgxzm
Single,geeks,gwtaf
Single,generous,vswqn
Single,miser,bduyo
Single,generous,wqrmw
Single,miser,cqhll
Single,geeks,zypia
Single,miser,qfcok
Single,miser,wovzy
Single,generous,pxshx
Single,generous,afnzl
Single,generous,onaja
Single,geeks,uuogv
Single,miser,glsye
Single,generous,tdebm
Single,generous,glbgw
Single,miser,iixtj
Single,generous,cxzei
Single,geeks,wwoak
Single,generous,lcfwl
Single,miser,jcznz
Single,geeks,cvhbz
Single,geeks,xtddh
Single,geeks,myfmf
Single,generous,emhvq
Single,geeks,falam
Single,miser,rwwme
Single,generous,kddfa
Single,geeks,tdtae
Single,miser,seahb
Single,generous,iiiis
Single,miser,ntwoi
Single,miser,xoxrb
Single,geeks,rnpyf
Single,generous,dbpuz
Single,generous,kexfs
Single,generous,jnufd
Single,geeks,nrnxu
Single,miser,gvmdq
Single,generous,lyazv
Single,generous,xipeh
Single,geeks,mwcwu
Single,miser,lnbxg
Single,geeks,dzvkl
Single,geeks,qhdiz
Single,miser,xmgrk
Single,miser,jknbx
Single,generous,jnube
Single,generous,ifalv
Single,miser,nkjxx
Single,geeks,yvliu
Single,geeks,umdnl
Single,generous,yvypz
Single,geeks,jasmr
Single,geeks,kuwum
Single,generous,igofk
Single,miser,swvxb
Single,geeks,tunhc
Single,generous,lrogq
Single,geeks,fadzc
Single,generous,duojj
Single,generous,mzmkz
Single,miser,czfiv
Single,geeks,secji
Single,miser,agcqp
Single,miser,fjuxk
Single,generous,nzisg
Single,geeks,icntx
Single,miser,vixas
Single,geeks,yzvdh
Single,miser,uqrhd
Single,miser,ixhcu
Single,generous,xjlzr
Single,miser,zgqld
Single,miser,qytlz
Single,generous,zlnuf
Single,geeks,lcyrc
Single,generous,gehaf
Single,generous,nvsre
Single,generous,zouiw
Single,miser,mrtir
Single,generous,ovotr
Single,miser,tnxxy
Single,generous,zbxuo
Single,miser,tnxfs
Single,geeks,pcbim
Single,miser,ehwjk
Single,generous,hskih
Single,generous,jgukp
Single,generous,tuxzt
Single,generous,uqvnw
Single,miser,ezfte
Single,generous,scfvn
Single,generous,gnyfv
Single,generous,qnnvv
Single,generous,liqwm
Single,generous,biegl
Single,miser,hyibl
Single,miser,yoakj
Single,miser,lhxnw
Single,miser,oryfq
Single,miser,webkv
Single,miser,esxoc
Single,generous,oiyvt
Single,miser,pjsgv
Single,miser,lstgy
Single,generous,mcnbq
Single,generous,sjbkl
Single,generous,jbhex
Single,geeks,vxqqh
Single,geeks,xxcai
Single,miser,lkqle
Single,geeks,gygyd
Single,miser,aefua
Single,geeks,uewrc
Single,geeks,hldbh
Single,generous,pinls
Single,miser,dgnbf
Single,miser,rsytk
Single,geeks,wafbf
Single,geeks,muvgo
Single,miser,oewki
Single,geeks,uexzj
Single,generous,ictjn
Single,generous,jbyzf
Single,generous,qjayk
Single,geeks,gzfpg
Single,geeks,lnuxn
Single,miser,huexo
Single,miser,vluvf
Single,geeks,xtbpu
Single,geeks,mpaxk
Single,generous,fecbw
Single,generous,ocwom
Single,generous,xxcgl
Single,generous,qxhmn
Single,generous,fogbx
Single,generous,puvqe
Single,geeks,dpzic
Single,miser,blmml
Single,miser,srgaa
Single,miser,jrhix
Single,geeks,xslnl
Single,geeks,ajqfs
Single,generous,pwnmt
Single,generous,edwkb
Single,miser,bqplq
Single,generous,geymw
Single,generous,rifvl
Single,generous,uffap
Single,geeks,hzzvl
Single,geeks,ywnss
Single,miser,qwswi
Single,miser,cgnwg
Single,generous,toxxi
Single,generous,apulg
Single,miser,lesnq
Single,generous,ycwyw
Single,generous,bdumq
Single,miser,cngvf
Single,geeks,bhlou
Single,geeks,wozqs
Single,miser,nuqno
Single,geeks,mpltq
Single,geeks,sbhcd
Single,miser,pidln
Single,geeks,puxav
Single,generous,vqhlk
Single,geeks,uejbq
Single,miser,fiznw
Single,generous,jprab
Single,generous,cfxhm
Single,generous,kkfxu
Single,geeks,bxlku
Single,geeks,iuzpe
Single,miser,sefry
Single,miser,jezsq
Single,generous,ioedz
Single,miser,nnman
Single,miser,hzljw
Single,geeks,rfjse
Single,miser,jxrvv
Single,geeks,erkrp
Single,miser,crfol
Single,generous,iwcht
Single,generous,cikqh
Single,geeks,aqscn
Single,geeks,vfdux
Single,geeks,nevvg
Single,miser,wkbhk
Single,geeks,izelv
Single,generous,fpbuz
Single,generous,glwhk
Single,miser,lpcdj
Single,miser,dvvuy
Single,miser,vcoce
Single,miser,tbfca
Single,geeks,fmpjf
Single,generous,vzbnt
Single,generous,rkntc
Single,geeks,fraem
Single,miser,tqetw
Single,generous,ypotx
Single,generous,jcwon
Single,miser,oitak
Single,geeks,adnja
Single,generous,ijdgc
Single,generous,htmai
Single,generous,sewmc
Single,miser,pdyri
Single,generous,jvdbw
Single,miser,feopg
Single,geeks,ymqkf
Single,miser,bdqat
Single,geeks,ymakt
Single,miser,hltwv
Single,generous,gsaxv
Single,geeks,rmcjg
Single,miser,zrvrr
Single,miser,fuyku
Single,miser,nafna
Single,miser,rsbvr
Single,generous,edioc
Single,geeks,mtipq
Single,miser,ucamb
Single,generous,mrxaj
Single,generous,vzlcq
Single,generous,crfjh
Single,generous,bsbxj
Single,geeks,cynsd
Single,geeks,yrpbz
Single,geeks,tlvgu
Single,geeks,ulhcx
Single,generous,sevks
Single,geeks,gemqw
Single,generous,iscmv
Single,miser,xewwn
Single,generous,pvaci
Single,geeks,blnvs
Single,miser,wclfc
Single,miser,isrsw
Single,geeks,agznh
Single,geeks,jnapu
Single,geeks,cdcny
Single,generous,ttcng
Single,generous,spdma
Single,generous,oafrg
Single,geeks,rihqj
Single,geeks,zbfod
Single,miser,vyguw
Single,geeks,jcjtr
Single,miser,xgykm
Single,miser,kajzx
Single,miser,jjqwk
Single,geeks,efvfp
Single,miser,tfugw
Single,generous,cupen
Single,miser,tgted
Single,miser,csqjj
Single,geeks,idfic
Single,generous,oymbn
Single,geeks,lcfsk
Single,generous,sfmeo
Single,miser,qlwsa
Single,geeks,gnwur
Single,miser,ofiwl
Single,generous,njdqu
Single,geeks,jpcud
Single,geeks,bghnt
Single,geeks,pbpul
Single,miser,nqasi
Single,generous,dtvgm
Single,generous,tntqc
Single,miser,wyejp
Single,geeks,urpae
Single,generous,pcgnb
Single,miser,piqua
Single,geeks,jmnfv
Single,generous,kfrny
Single,geeks,vwqmo
Single,generous,utfrn
Single,generous,jnbdq
Single,miser,zheke
Single,geeks,czcgv
Single,miser,jdmja
Single,generous,qdyae
Single,miser,audim
Single,miser,upaba
Single,generous,poqld
Single,miser,auvxp
Single,generous,rseqm
Single,geeks,lpmrn
Single,generous,ajlpv
Single,generous,yqwao
Single,generous,nmkaz
Single,miser,ggvkk
Single,generous,qcxmm
Single,miser,nzyex
Single,miser,qegnt
Single,geeks,zsaso
Single,geeks,ztdeh
Single,miser,mjuvc
Single,geeks,sbicf
Single,miser,rwtoe
Single,geeks,iheps
Single,generous,nrhps
Single,geeks,dvozq
Single,geeks,rpzzs
Single,generous,seqjm
Single,generous,nmjvq
Single,miser,elhzt
Single,generous,erqvw
Single,generous,dkrsx
Single,generous,kiorz
Single,generous,htzvn
Single,miser,nrxqr
Single,miser,uznwd
Single,miser,pdbnd
Single,miser,dcfvu
Single,generous,dpzup
Single,geeks,lcyiq
Single,miser,xbwkw
Single,miser,ynjly
Single,geeks,ebmma
Single,miser,rztvu
Single,generous,yjtvk
Single,miser,dcdsz
Single,generous,kypce
