Utility,wlrwp,Romantic
Essential,tbcrb
Essential,ybzgr
Luxury,utlbr
Essential,cfrxp
Utility,dwyqo,Normal
Essential,ouxvx
Luxury,uzlsf
Essential,ghnsq
Essential,kbplu
Luxury,sfreo
Essential,famzv
Utility,rfnzu,Romantic
Luxury,fnkfz
Essential,kvneg
Utility,ufgdx,Awesome
Essential,lstib
Luxury,vlton
Utility,yvasf,Normal
Luxury,cpeiq
Utility,jppph,Standard
Utility,qndkk,Normal
Luxury,ksgwm
Utility,wxlob,Rare
Luxury,ogowt
Luxury,hkpkg
Essential,wihyc
Essential,qjaux
Essential,zmyvy
Utility,xvdlo,Normal
Luxury,ktqhy
Utility,gyohh,Normal
Essential,xlbxh
Essential,vclvt
Utility,wkwoj,Romantic
Luxury,dbacj
Utility,jguin,Rare
Luxury,yrbzr
Utility,dmfxz,Rare
Essential,ialdh
Utility,rqllv,Awesome
Utility,qfnvi,Rare
Utility,rimjy,Awesome
Essential,qvsfz
Luxury,owizr
Luxury,jzfva
Luxury,snbsa
Utility,evbee,Romantic
Essential,skkmf
Utility,isbvi,Awesome
Luxury,obhjb
Utility,abbap,Rare
Luxury,zamjp
Luxury,ryfpf
Luxury,wzmqn
Essential,wbqsd
Luxury,eqmvq
Essential,hcmmj
Utility,faodt,Awesome
Essential,dhrzy
Essential,dodej
Utility,ygiqv,Romantic
Utility,wcmdj,Normal
Luxury,rcpde
Utility,kquzp,Rare
Essential,fdoss
Luxury,xesdf
Essential,tohby
Luxury,xebqw
Essential,smydk
Essential,vterg
Luxury,yjmee
Utility,vguhs,Standard
Essential,lxgvq
Utility,pxjer,Rare
Luxury,stsop
Utility,ctcta,Awesome
Essential,rvzdh
Luxury,jnxaa
Essential,sammj
Luxury,uqksz
Utility,kuwqf,Romantic
Essential,kzkws
Utility,oqmpq,Awesome
Utility,onvec,Awesome
Utility,kfyal,Awesome
Luxury,iodot
Essential,mhyol
Essential,taubb
Utility,jkurt,Normal
Essential,kghey
Utility,xzuhj,Rare
Essential,jhlzw
Luxury,cpovg
Utility,oynmf,Rare
Luxury,qzujg
Utility,lruey,Rare
Utility,wqdnv,Romantic
Luxury,qmltb
Luxury,scoxx
Luxury,gyubh
Utility,hdhot,Rare
Utility,wouxu,Normal
Essential,ahvpd
Essential,qpoya
Essential,avsml
Luxury,psemv
Essential,dfemh
Utility,gxikt,Rare
Essential,rgzut
Essential,vlkuw
Luxury,mhcar
Essential,upqnn
Essential,wafnw
Essential,gznwx
Luxury,xkgkx
Luxury,fasop
Utility,xdlvs,Rare
Luxury,rjdht
Essential,zzooz
Utility,iqvfb,Rare
Utility,qkluo,Rare
Luxury,bztmh
Luxury,agvqb
Utility,ecafq,Romantic
Utility,pnroj,Awesome
Luxury,wmjua
Essential,yqgft
Luxury,pjvfy
Utility,ygeqd,Normal
Essential,oorxa
Utility,lnany,Rare
Utility,gwisi,Normal
Luxury,iylod
Essential,xinix
Luxury,xqiqz
Essential,vkeen
Luxury,ftqls
Utility,dmdvw,Normal
Essential,pfugq
Utility,bxtdc,Rare
Utility,qrdsm,Rare
Utility,rdrgk,Rare
Utility,vjiix,Romantic
Essential,msngk
Luxury,cicyy
Essential,qorxy
Essential,rxgrt
Utility,ncokr,Romantic
Utility,psbre,Standard
Essential,niffo
Utility,pjalf,Normal
Essential,hgjbt
Essential,hvzsb
Luxury,lvoyg
Luxury,cwpvm
Luxury,ybuhi
Essential,outvf
Essential,xswns
Luxury,dpdib
Essential,rijbd
Utility,uimmu,Standard
Luxury,hwjrf
Luxury,zwtol
Essential,wptnt
Utility,ibukz,Standard
Essential,jpliz
Essential,zvrnv
Utility,odell,Romantic
Utility,nqhny,Normal
Essential,vsywm
Utility,topec,Rare
Essential,xuycn
Luxury,szlxl
Essential,cvzvz
Essential,ymfyw
Utility,jiysr,Romantic
Luxury,eajxj
Essential,aboeg
Luxury,vpxou
Essential,ajoyn
Essential,rokum
Utility,pjpya,Romantic
Luxury,mgmyi
Essential,mqpzw
Essential,maihu
Essential,fibjd
Essential,akpkd
Luxury,pdzay
Utility,avoay,Normal
Essential,flzpa
Luxury,ctrez
Essential,ytbgb
Luxury,fspsx
Essential,nnjjf
Utility,efpsq,Standard
Essential,ftukf
Luxury,drcxw
Essential,majmu
Essential,ahqkm
Essential,yizev
Utility,briwy,Rare
Essential,mcbab
Luxury,ephrs
Utility,syhpg,Romantic
Essential,xyfqm
Utility,ojrdw,Rare
Luxury,fjlrk
Essential,lrgik
Luxury,uxyez
Utility,dtcnz,Normal
Utility,zpijz,Awesome
Utility,djvml,Standard
Utility,qdvfy,Rare
Luxury,wlxjp
Essential,hvopk
Utility,uruhi,Standard
Essential,kcnrs
Essential,qcnnb
Essential,rpzuy
Essential,mnhgz
Utility,yiznp,Rare
Luxury,anodh
Essential,gvdvx
Essential,lpmur
Utility,ldtuj,Romantic
Utility,yulvz,Awesome
Essential,sjrxx
Luxury,ftemh
Essential,kjryi
Essential,cmdjl
Utility,hpbmj,Normal
Luxury,owhlx
Utility,jkdmu,Rare
Utility,abrsq,Rare
Luxury,coydo
Luxury,srriz
Luxury,rjwsf
Utility,kohrw,Normal
Utility,gjdgl,Normal
Luxury,stint
Luxury,mxgtj
Utility,zvnwr,Awesome
Essential,whwrl
Luxury,lrdoa
Utility,kclcr,Romantic
Essential,rhzno
Luxury,khagz
Essential,bxang
Luxury,vbzzd
Essential,cpthe
Essential,qyojn
Essential,vgbhc
Utility,zljpo,Standard
Utility,csnif,Standard
Utility,qdeyz,Normal
Essential,gwlck
Utility,uwreo,Standard
Essential,zrgmt
Utility,evaak,Normal
Utility,aytkk,Rare
Luxury,crqzl
Essential,vxzfv
Utility,tespu,Awesome
Essential,xhhpz
Luxury,blihz
Luxury,bjbnd
Utility,jdnca,Awesome
Essential,zbwfi
Essential,looam
Luxury,ifdqc
Luxury,ivfcw
Luxury,vvqxf
Essential,kqdte
Utility,wykgl,Romantic
Utility,jqtzz,Rare
Luxury,oznfe
Luxury,tasdx
Luxury,apnlu
Luxury,dbfft
Utility,szjoa,Awesome
Essential,cujcg
Luxury,oydar
Luxury,ivrqq
Utility,nzqva,Standard
Essential,cerax
Luxury,kymfp
Utility,yomzo,Awesome
Utility,csvch,Awesome
Essential,dcnwr
Luxury,onnaj
Essential,bnepn
Utility,jkjck,Romantic
Utility,bgevf,Rare
Essential,serqx
Luxury,liswe
Utility,hnjvp,Normal
Essential,xfszr
Luxury,ofjtc
Essential,lfoep
Luxury,blwtx
Luxury,buiqr
Luxury,ubxxc
Luxury,soxyf
Luxury,bljda
Utility,zbjho,Normal
Utility,pktpy,Standard
Utility,uhntq,Normal
Essential,qrcxv
Essential,ixyom
Utility,towsz,Normal
Utility,uizvb,Rare
Essential,perlx
Luxury,hiexq
Utility,aspcm,Rare
Luxury,vghjh
Luxury,yqsbq
Luxury,kzjdb
Luxury,giktm
Utility,znalo,Normal
Essential,qihxc
Utility,llgue,Rare
Essential,uafxa
Luxury,prlpu
Utility,reqzn,Standard
Luxury,iozvp
Essential,uqbly
Essential,hjxnz
Essential,unzqq
Luxury,rrhhq
Luxury,pnqiw
Luxury,ahngy
Luxury,emkmq
Utility,ixwar,Standard
Utility,mfnkf,Romantic
Utility,cibvb,Standard
Utility,zngvo,Rare
Luxury,leefw
Utility,hywet,Awesome
Utility,gtljc,Romantic
Utility,lmzon,Normal
Luxury,tvdsl
Luxury,rclze
Essential,fvnjf
Utility,qqhyw,Rare
Utility,aqgvc,Romantic
Utility,uanah,Awesome
Essential,xjrgz
Utility,thwlg,Rare
Essential,zjuql
Essential,nfhfl
Luxury,uqgum
Utility,dziyq,Normal
Utility,atqxd,Romantic
Luxury,lnkym
Essential,vbmwl
Utility,abbny,Romantic
Utility,psnab,Normal
Utility,migkm,Standard
Utility,ypldk,Standard
Essential,ecrfy
Luxury,bmctq
Essential,gibgd
Essential,czrmp
Luxury,uvaux
Utility,rrvtd,Rare
Luxury,dypdg
Luxury,usbmu
Luxury,txdhq
Essential,kumtt
Luxury,cjjhm
Luxury,xjfvk
Essential,dwers
Utility,hocou,Standard
Luxury,oumji
Luxury,agrxf
Utility,gblbm,Romantic
Luxury,bmwrb
Utility,ikccn,Romantic
Utility,jruai,Awesome
Luxury,tsuti
Luxury,yrmnd
Luxury,gxjxz
Utility,jxiii,Romantic
Essential,rabrq
Utility,xilyi,Awesome
Utility,dwnlj,Awesome
Luxury,oelsn
Utility,hdqvw,Awesome
Utility,rvbcz,Standard
Utility,xbahz,Awesome
Essential,cypwl
Utility,ebuxw,Standard
Essential,ookfv
Utility,pmbuu,Normal
Luxury,eqgbi
Luxury,shtgf
Luxury,oujtl
Essential,gphjh
Essential,xzlnn
Essential,rwzyf
Essential,gfvcl
Luxury,yeqzx
Utility,dsycq,Romantic
Luxury,pkblf
Essential,mwbqt
Utility,bsmtf,Standard
Luxury,mttzx
Luxury,ttirl
Luxury,obozd
Essential,guuys
Essential,pehbf
Luxury,evaoq
Luxury,kdgup
Luxury,cxqab
Essential,swgdn
Essential,zxhtq
Luxury,vlrrv
Luxury,pyawj
Luxury,kupiq
Utility,vielb,Standard
Essential,nhzwz
Luxury,pevsi
Utility,ygpnz,Awesome
Utility,osgnk,Standard
Utility,eauut,Rare
Essential,ptvqx
Utility,hjtrc,Awesome
Utility,qdddw,Normal
Essential,hccvn
Utility,xoiuc,Awesome
Essential,zfotv
Essential,csibz
Essential,xdgys
Utility,tjqqx,Awesome
Utility,yjyds,Standard
Essential,zjqou
Luxury,koxwz
Essential,xhwtz
Utility,wsywq,Normal
Essential,eogem
Essential,hnijc
Luxury,vqhmo
Luxury,mciei
Utility,kvyps,Standard
Luxury,spujl
Utility,pexug,Normal
Utility,aunha,Normal
Utility,dindr,Normal
Essential,uwlvr
Utility,cdsjq,Awesome
Essential,muliu
Luxury,eisbr
Essential,shnwq
Utility,qdkrq,Rare
Luxury,erdjm
Utility,ttwuh,Romantic
Essential,prttt
Luxury,iiidf
Utility,klsqk,Rare
Essential,yxjvm
Utility,umgey,Awesome
Essential,fcsjr
Utility,zirpp,Romantic
Luxury,rptdu
Essential,zmvbe
Essential,hiaib
Luxury,cnxfg
Essential,gcvms
Utility,ozqac,Standard
Utility,liwho,Normal
Essential,byncq
Utility,titex,Rare
Essential,yeksl
Utility,sxvss,Romantic
Utility,zumbn,Awesome
Essential,ayurc
Luxury,aednk
Luxury,ovxqi
Essential,rhjsl
Luxury,ilwdv
Essential,uefaj
Essential,cxlik
Essential,jsyvf
Utility,ygsyq,Rare
Essential,wjxxs
Luxury,zyrfs
Utility,jqmvo,Romantic
Luxury,jkicv
Luxury,dlkif
Luxury,zdaxc
Essential,pghjy
Essential,kofbl
Essential,porxu
Luxury,nvhga
Luxury,mlpio
Luxury,raklc
Essential,cahzs
Essential,gmshc
Essential,otckm
Utility,slkft,Rare
Essential,qqawc
Essential,hbbba
Luxury,ekvcn
Essential,mrihd
Essential,ezmzq
Utility,tuacf,Rare
Utility,kihzx,Rare
Utility,cnlpd,Romantic
Essential,csesg
Luxury,bsaut
Essential,fyeoi
Essential,oaspo
Luxury,czoge
Essential,iomon
Utility,ohgnr,Awesome
Essential,uydgk
Essential,xytaq
Essential,lzdnw
Utility,koewc,Standard
Utility,ytmmn,Awesome
Luxury,ctwfr
Essential,tqmpz
Luxury,tlaqm
Utility,vpqpk,Rare
Essential,cxvpb
Essential,rqard
Luxury,fogfr
Luxury,tohjq
Utility,tvddx,Standard
Luxury,lfntv
Utility,fhwlv,Rare
Utility,ymcuy,Rare
Utility,otuag,Normal
Utility,lanco,Awesome
Luxury,bsbpo
Essential,tciqv
Utility,bppee,Standard
Essential,yrwxa
Utility,qqsye,Awesome
Luxury,cebcz
Essential,hbuum
Essential,lwrdh
Essential,zerad
Utility,wizfa,Romantic
Essential,mvjxd
Luxury,ucmrs
Luxury,rflob
Utility,zrrdh,Normal
Utility,qyokj,Awesome
Luxury,zxyvb
Luxury,snrai
Luxury,rxoyx
Utility,jpuhn,Awesome
Luxury,lnygt
Luxury,nwzdd
Essential,nlcgl
Essential,uujgi
Utility,ryohk,Awesome
Luxury,majzh
Utility,rcjmb,Romantic
Utility,mozvw,Rare
Essential,dxzkc
Utility,cfecj,Rare
Essential,mnaoy
Luxury,qnhhn
Luxury,pjpae
Essential,fqtly
Luxury,uhhqh
Luxury,pwhla
Luxury,fgbxu
Luxury,dyuoi
Luxury,ceqzs
Luxury,dwnnq
Luxury,caqxs
Luxury,wewwc
Utility,ilxfc,Romantic
Essential,tkdwg
Utility,odgxp,Rare
Luxury,pxkjw
Luxury,wnvol
Utility,qyzfj,Awesome
Essential,mwwwe
Utility,zqqjx,Awesome
Essential,heilb
Essential,knwwg
Luxury,jlfhy
Utility,taypy,Normal
Essential,vbqxo
Luxury,trbgv
Essential,jpppa
Essential,uecnr
Essential,fvndu
Luxury,lyziw
Luxury,dwdjr
Essential,jzelj
Utility,znrxk,Normal
Essential,yemoq
Essential,vplad
Utility,niwgp,Standard
Luxury,lpruc
Essential,yzgtg
Essential,xmiag
Utility,cdsuz,Awesome
Essential,isnvw
Essential,tsmas
Essential,xrvlv
Luxury,dtril
Luxury,cvenz
Essential,umqyu
Utility,wacsp,Awesome
Luxury,nlaln
Luxury,xwvpu
Luxury,pxjkl
Utility,fvoeg,Standard
Essential,nzoyp
Luxury,hwkat
Utility,fziic,Awesome
Essential,srffl
Utility,tpnhw,Romantic
Luxury,jvicy
Utility,obmqe,Romantic
Essential,yzhse
Luxury,qvvzk
Essential,jliip
Luxury,uutet
Luxury,mqhso
Utility,cmfav,Normal
Essential,pzzxo
Essential,zynvw
Essential,yrwnq
Essential,tmdxo
Utility,dpivs,Awesome
Luxury,qvrhl
Essential,fbnsb
Luxury,rddut
Essential,fpdbd
Luxury,wqgrp
Luxury,vjsxt
Luxury,fjaqg
Utility,cyyaz,Romantic
Utility,npusq,Standard
Luxury,xjyad
Luxury,sdwba
Utility,pxvix,Romantic
Utility,viqqe,Romantic
Utility,laqww,Awesome
Luxury,qvnrl
Luxury,nylym
Luxury,kqajx
Essential,kytfu
Utility,xbqvb,Standard
Utility,dtbbk,Romantic
Utility,feqsj,Normal
Utility,uakwa,Rare
Essential,qfssy
Essential,gynnn
Utility,vivbv,Normal
Utility,enwtw,Romantic
Essential,ywxdp
Luxury,ktvih
Utility,cogzz,Standard
Luxury,xqszj
Essential,bjptx
Utility,qgcml,Standard
Essential,jcjjr
Luxury,kvhnm
Essential,ccveh
Essential,cjkzi
Utility,zhcbw,Rare
Essential,psvcn
Essential,lqjzh
Essential,fcmbi
Essential,stesv
Luxury,xnaet
Luxury,occml
Essential,fshvb
Luxury,mvuef
Essential,ycjhl
Luxury,tznti
Luxury,orxzq
Luxury,pzzpr
Utility,evlys,Normal
Utility,xynga,Awesome
Luxury,hhgqz
Luxury,bvttm
Utility,tzdua,Standard
Luxury,ujhtj
Luxury,ypint
Luxury,ddqdd
Luxury,tgvke
Luxury,acvuw
Utility,ulyku,Standard
Utility,zzitf,Normal
Essential,yjoul
Essential,agtwh
Luxury,bepvy
Utility,nmkzf,Awesome
Utility,iwpst,Rare
Essential,epurg
Essential,cntlq
Luxury,mofca
Luxury,wcvis
Utility,twukz,Awesome
Essential,sjnpn
Luxury,kvxuu
Essential,lwyrj
Luxury,kkfoe
Utility,hmvyu,Normal
Utility,xqvhw,Romantic
Utility,lgzql,Standard
Utility,cbvhm,Romantic
Utility,mrprn,Awesome
Utility,hunkx,Rare
Essential,xzjqi
Essential,annss
Luxury,eiuht
Utility,kcgnh,Rare
Essential,uhqmq
Utility,tthwd,Rare
Essential,wwoha
Utility,muxgi,Standard
Utility,ioaby,Romantic
Essential,fmdaz
Essential,nscrm
Luxury,tvnsm
Luxury,uxhix
Luxury,qymmn
Utility,wasko,Awesome
Utility,rgcon,Romantic
Luxury,gqsyb
Essential,zzfaf
Essential,rltas
Essential,lmnnd
Utility,gtsjr,Rare
Luxury,ylias
Utility,tokao,Romantic
Utility,gcwid,Awesome
Essential,znlzy
Utility,uyobn,Standard
Essential,gfoip
Luxury,ibvub
Utility,hbswu,Rare
Essential,gadod
Essential,fsxsg
Luxury,hazwl
Utility,ssstk,Awesome
Essential,inqqh
Essential,mogmh
Luxury,pmfpb
Luxury,ksipe
Luxury,qgjrj
Utility,qdnpf,Romantic
Luxury,mochv
Essential,dojjs
Utility,ligoj,Rare
Utility,eguyq,Normal
Utility,pvffw,Romantic
Essential,cqxse
Essential,qzymk
Utility,hwmfe,Rare
Luxury,qxbca
Essential,qbntm
Luxury,mefmd
Utility,relcy,Rare
Essential,fajjc
Utility,ybbrc,Awesome
Essential,ghevv
Essential,xgkxa
Essential,pagew
Luxury,gpirs
Utility,araqc,Standard
Luxury,ixtwg
Essential,qexep
Luxury,wmydv
Luxury,ujyka
Essential,ptwrl
Essential,qdvgn
Essential,suhby
Essential,ulwqn
Luxury,nfagn
Luxury,llqzq
Utility,ujjly,Awesome
Utility,bafog,Romantic
Utility,crojl,Rare
Luxury,zsgdc
Luxury,uxdjd
Utility,hcjlt,Normal
Essential,yibuv
Essential,rlznh
Utility,ratke,Normal
Luxury,bzzrw
Essential,gtnie
Essential,aityz
Essential,qzgar
Essential,jduzy
Luxury,rirhe
Luxury,cfakl
Luxury,vmzva
Essential,tvwub
Luxury,bromc
Luxury,loygw
Luxury,wkafc
Essential,orhst
Essential,rlxka
Essential,cbsmm
Essential,rbgco
Utility,iyddx,Rare
Luxury,bzwmp
Luxury,oshjq
Luxury,deaji
Essential,lychw
Utility,jxely,Rare
Essential,ixwlj
Utility,qtfvs,Awesome
Essential,gixpq
Utility,qkvdl,Normal
Essential,pdizv
Essential,nntev
Essential,lvmpi
Utility,kkgio,Normal
Essential,nsgzp
Luxury,lvzfv
Utility,fjsuc,Standard
Luxury,oxicl
Essential,kzxkz
Essential,nqqbk
Utility,eupme,Romantic
Luxury,yiyff
Utility,ybotu,Standard
Utility,wrqtm,Standard
Utility,oxbyw,Standard
Luxury,obmns
Utility,iphiv,Awesome
Utility,ubpvs,Normal
Luxury,odwuo
Luxury,ilxtw
Utility,eoczz,Awesome
Luxury,iiefw
Essential,ovgew
Luxury,fdnie
Utility,ucfvz,Normal
Luxury,dfpgo
Luxury,fpvzc
Essential,myxob
Luxury,fotkk
Essential,zlyqz
Luxury,niskg
Luxury,pswuo
Essential,fpojb
Essential,mppwx
Luxury,bvcmc
Luxury,nsczn
Luxury,rugey
Luxury,dczht
Essential,pdihh
Utility,dzmcw,Romantic
Luxury,gftgb
Luxury,rrejs
Essential,szqyr
Luxury,nfluj
Luxury,qfxnw
Utility,ochwd,Romantic
Essential,vrbkt
Essential,puezv
Essential,cfxgl
Essential,sllau
Essential,hburf
Utility,jtlyg,Rare
Luxury,cmiwv
Utility,sgwfk,Standard
Utility,xfced,Standard
Utility,ocxji,Rare
Luxury,kyvmc
Luxury,tjdyx
Utility,sigxa,Standard
Luxury,mxzar
Essential,nznzx
Luxury,bscov
Utility,nvsjg,Normal
Luxury,yqmoc
Luxury,pipqe
Luxury,givrb
Essential,hgmcs
Utility,bvsft,Romantic
Luxury,nfftv
Utility,tilaq,Romantic
Essential,emnhl
Utility,voazp,Normal
Utility,fmysl,Romantic
Essential,huukl
Essential,bpncd
Utility,yjwfq,Normal
Luxury,seezr
Essential,ybwgb
Utility,bgqge,Normal
Luxury,unjoq
Essential,rmpxn
Utility,ayrpg,Normal
Essential,zrzxh
Luxury,dqqbq
Essential,xsmsd
Essential,ujfpi
Utility,ggbhx,Rare
Essential,vfdpn
Luxury,hhona
Essential,kkajv
Luxury,onmlk
Utility,zzxjm,Romantic
Utility,pnurb,Awesome
Essential,ptfkf
Essential,brhmf
Utility,rgneb,Standard
Essential,mrmvh
Utility,wiqqb,Standard
Utility,cjoei,Normal
Luxury,qkfwd
Essential,kghrj
Utility,qqzch,Standard
Luxury,bkvvy
Luxury,qapdu
Utility,mfnrt,Standard
Essential,jzpls
Luxury,elfrd
Essential,azdln
Luxury,wgdra
Essential,mgynu
Essential,rsxpg
Utility,hmiqs,Standard
Utility,lpqoq,Awesome
Luxury,kkidr
Luxury,ryrdr
Essential,hnrei
Luxury,ycanm
Utility,xxrhd,Awesome
Luxury,oayjv
Essential,oqczy
Essential,nrzia
Utility,goody,Romantic
Utility,nprnn,Normal
Luxury,lykki
Luxury,wuwxf
Luxury,eayyg
Luxury,jkcub
Utility,vuebs,Awesome
Luxury,ksoyt
Essential,pncvh
Luxury,xtbwf
Utility,aqcrt,Romantic
Essential,hbdyy
Utility,ipdwx,Rare
Luxury,urnju
Utility,ymcgr,Normal
Utility,iyqeu,Romantic
Luxury,azjkm
Utility,tjkdo,Rare
Luxury,jwixm
Utility,izulb,Normal
Utility,sdqbs,Awesome
Utility,jciib,Awesome
Essential,akzqd
Utility,anwxh,Romantic
Utility,ruvbo,Romantic
Utility,wfnix,Romantic
Essential,kuiag
Essential,kemin
Essential,ykecc
Essential,uacxn
Utility,lpeiv,Normal
Luxury,belzi
Utility,foyvq,Romantic
Utility,xxvyu,Normal
Essential,zacgf
Utility,juxjf,Normal
Luxury,yyscf
Essential,shkcu
Utility,khfzc,Standard
Essential,imkrb
Luxury,duzwl
Luxury,yueeq
Essential,hpqbb
Essential,yytde
Utility,ssvve,Romantic
Luxury,hdyjr
Utility,bicem,Normal
Essential,jowvw
Utility,nbrqf,Standard
Luxury,humow
Utility,wembk,Awesome
Utility,pspmf,Normal
Utility,qprwp,Awesome
Luxury,etktm
Utility,grovw,Awesome
Luxury,ojehc
Utility,hslzy,Rare
Luxury,vnxab
Utility,yhenm,Awesome
Utility,ppgwy,Awesome
Essential,itplo
Luxury,lldhg
Utility,rsdcr,Standard
Essential,rasls
Luxury,zngjp
Luxury,udpii
Utility,yjbyy,Standard
Luxury,undxu
Essential,zbztz
Essential,irvtx
Essential,uzgne
Utility,mvqxd,Normal
Utility,qwltm,Normal
Utility,qwjgd,Standard
Utility,fryiu,Awesome
Utility,fjpvk,Normal
Utility,enmwo,Normal
Essential,fhfgv
Essential,qkobv
Utility,tflom,Rare
Utility,pvcyi,Romantic
Utility,ptseq,Normal
Utility,uwvsk,Awesome
Utility,rdnhb,Rare
Luxury,kpnet
Utility,tfrgw,Rare
Essential,fqsri
Luxury,pimwx
Utility,rfqov,Normal
Luxury,uitqi
Utility,fghbn,Standard
Utility,jpxii,Standard
Utility,vdifb,Normal
Utility,bynuu,Normal
Luxury,yicor
Utility,jurru,Romantic
Essential,wfbix
Essential,lvxfc
Utility,vebeq,Romantic
Utility,vovux,Romantic
Utility,fonan,Standard
Luxury,feczv
Utility,azogz,Standard
Luxury,sdvgx
Luxury,hkxyq
Essential,vcxqj
Luxury,hqodx
Luxury,vomyh
Luxury,jsmmh
Utility,ntyvq,Standard
Luxury,nddta
Essential,dydwr
Essential,xiirk
Essential,sntgi
Luxury,obrjg
Luxury,fkkah
Luxury,fdzlp
Essential,vokdm
Essential,prcfb
Luxury,isijq
Luxury,onndy
Essential,uqvjh
Luxury,uktuu
Luxury,vxhnt
Luxury,ktzud
Utility,xjrpx,Normal
Utility,bwzco,Awesome
Essential,befhh
Luxury,ujvcb
Essential,yvxdg
Luxury,xbbpw
Essential,xtkwl
Utility,fqjgf,Standard
Luxury,kgpqw
Luxury,bqlrk
Luxury,cydxj
Luxury,tneev
Essential,shnpd
Utility,wdwid,Awesome
Luxury,bmuci
Essential,snstl
Essential,thsva
Essential,hdilx
Luxury,xqwwk
Utility,ewxuo,Normal
Utility,vieyt,Normal
Luxury,nhfyz
Essential,lixzu
Luxury,aqxed
Utility,nsipt,Normal
Luxury,sncih
Luxury,lqmra
Essential,cmprb
Utility,hmkre,Romantic
Utility,oxyxb,Standard
Utility,ajoky,Romantic
Utility,tdvhv,Normal
Essential,cbtso
Essential,uhhch
Essential,afbud
Utility,bmrgv,Standard
Luxury,emyqn
Utility,dfqtc,Awesome
Utility,rqour,Romantic
Luxury,xkris
Essential,qiqot
Luxury,mnyza
Essential,xoify
Luxury,orptq
Utility,puaac,Standard
Utility,zxgwk,Romantic
Essential,ybmvi
Luxury,jfode
Utility,jstzh,Romantic
Luxury,ssebf
Luxury,qrkfd
Luxury,qqxpb
Luxury,dyeia
Essential,fmumb
Luxury,qehfa
Utility,etwwl,Awesome
Essential,lizbp
Essential,wesvm
Utility,cjtdo,Standard
Utility,nizag,Romantic
Luxury,lgijc
Luxury,mybzz
Luxury,uqpqk
Essential,bnazk
Utility,wsgjf,Romantic
Luxury,niqzp
Luxury,zgxow
Luxury,xcdjh
Essential,jtchy
Luxury,kylts
Utility,kzqhj,Awesome
Utility,xcdll,Awesome
Luxury,imuic
Essential,ztxcj
Utility,sbrcd,Romantic
Luxury,uqxum
Essential,gelot
Utility,ymunf,Rare
Essential,hbrgd
Utility,cljoy,Standard
Essential,btklx
Essential,xpvhu
Essential,hxkst
Utility,biwvj,Normal
Utility,vkrhg,Romantic
Luxury,mmxbv
Luxury,ckloj
Essential,tphsk
Utility,qmxkr,Romantic
Utility,jgqfw,Awesome
Essential,sdtag
Luxury,fsykx
Luxury,xnzhy
Utility,wxgve,Standard
Utility,qpqrz,Normal
Utility,fkzaj,Awesome
Luxury,jazdd
Utility,qykdp,Standard
Essential,ibmgp
Luxury,kjdfk
Essential,fjuiq
Essential,djtxk
Utility,sdssn,Awesome
Utility,eoagw,Rare
Luxury,bhhke
Luxury,nbzlc
Essential,nxwej
Luxury,kaubp
Essential,wdfrc
Essential,tzxgr
Essential,iwrqf
Utility,mswzv,Standard
Luxury,wrykr
Essential,bsdem
Luxury,xhqje
Luxury,potbb
Luxury,fddqg
Essential,iavin
Essential,kdvyn
Utility,gqhvh,Standard
Luxury,xdosi
Luxury,ngdlo
Essential,nqkjl
Utility,ihmwh,Normal
Essential,tofau
Essential,rjmun
Essential,dbcvk
Utility,fhzjl,Awesome
Essential,kbwwb
Luxury,icnqe
Utility,yswus,Standard
Essential,rkiae
Luxury,qqfsq
Utility,hjkpo,Standard
Luxury,wodgv
Luxury,ltvlr
Utility,kgzmy,Awesome
Luxury,qieqs
Essential,dtsir
Essential,bzuht
Luxury,jfcnm
Essential,atpqo
Utility,cjbwx,Standard
Luxury,qipjx
Essential,zjoqm
Essential,ptqym
Essential,eeqqq
Essential,xstxk
Utility,wnjin,Awesome
Luxury,fbrti
Essential,cwbds
Utility,wgqwh,Romantic
Luxury,qbkzy
Luxury,ycsdl
Utility,gqcxc,Normal
Utility,xjume,Standard
Essential,lnccp
Luxury,prsfz
Utility,bqkhx,Rare
Luxury,kpbmk
Luxury,vwduq
Utility,ntfte,Normal
Luxury,ehykb
Utility,hgguq,Normal
Essential,erjld
Essential,txgsv
Utility,urbwv,Rare
Utility,mhdoi,Rare
Luxury,cuppj
Utility,mffbw,Standard
Luxury,ytfil
Luxury,djqyb
Utility,xzmnx,Normal
Essential,tjbga
Utility,iobai,Awesome
Essential,igice
Essential,pbksc
Luxury,nqmai
Essential,mkszr
Essential,dpaqn
Essential,bpjvn
Essential,pyzsr
Utility,lrasl,Romantic
Essential,uvhwi
Essential,hslgd
Luxury,jaazs
Utility,pltll,Rare
Essential,kkrng
Essential,ykypl
Essential,prkph
Luxury,trufd
Essential,jlsjo
Utility,gonjv,Awesome
Utility,lugyp,Standard
Luxury,xbbvo
Utility,njxwz,Romantic
Luxury,kzzst
Essential,jnzpc
Utility,mfkch,Normal
Luxury,okhpw
Essential,apbdv
Luxury,tsrax
Essential,jtgtj
Utility,xhjlt,Rare
Utility,jggzr,Awesome
Essential,durro
Utility,wbxvt,Awesome
Luxury,puhwb
Luxury,vrsoq
Luxury,lbtfx
Essential,aigil
Essential,xankk
Luxury,eccpz
Essential,dymhh
Utility,rrlcy,Awesome
Luxury,ssyco
Essential,fzcym
Luxury,looec
Luxury,sbdwh
Luxury,gadlt
Luxury,qcone
Luxury,yuumb
Luxury,bdknc
Essential,djart
Luxury,qdurv
Utility,bougj,Awesome
Luxury,uuuty
Essential,ecqvd
Essential,trlom
Utility,vuljh,Rare
Essential,juhgq
Luxury,nenxm
Utility,vaauy,Romantic
Essential,tfqaf
Essential,kfegt
Essential,rukou
Utility,pgoji,Romantic
Utility,rtssf,Rare
Luxury,hgmdv
Essential,weiqr
Luxury,jnmre
Luxury,ifpxe
Essential,laktw
Utility,ouiyi,Rare
Luxury,wabbi
Essential,pzqga
Essential,bqnuw
Luxury,epctx
Essential,thcqs
Luxury,spawc
Luxury,qnjgk
Utility,ctyld,Standard
Essential,hiefl
Luxury,ancbw
Utility,pxrgq,Romantic
Luxury,hmnpd
Essential,bnrnw
Essential,xnemv
Luxury,bgqxb
Luxury,epbzy
Essential,jcmnn
Essential,pxtem
Essential,kfwnu
Luxury,xpdsr
Essential,mcewi
Luxury,zltvc
Luxury,laswm
Essential,qilxn
Essential,gpbxh
Essential,izgeu
Utility,ftjsp,Rare
Luxury,bypfs
Essential,raazv
Utility,cxaiu,Standard
Essential,soyob
Essential,qejgp
Utility,efswq,Normal
Essential,tfzdz
Utility,rvcbz,Standard
Essential,qbzkt
Essential,ndult
Essential,fkxhg
Essential,hscmf
Utility,uoogq,Normal
Utility,oeids,Awesome
Essential,jyxxj
Utility,yxkho,Awesome
Luxury,qgefy
Essential,jrceb
Luxury,dmtyq
Luxury,rnhzz
Luxury,jysim
Luxury,qmlzt
Essential,wgrof
Luxury,xtcmj
Luxury,yxlaj
Luxury,hulej
Luxury,ragtt
Utility,itses,Awesome
Essential,rfnwi
Utility,dybjd,Rare
Luxury,xxzgh
Utility,etxqg,Rare
Luxury,hybak
Luxury,iuosd
Essential,cguim
Utility,wumgt,Awesome
Essential,gnphz
Essential,rphja
Luxury,hqeih
Essential,kheng
Essential,adqdh
Luxury,fcymr
Utility,pugvz,Normal
Utility,aoavy,Rare
Utility,vaude,Romantic
Utility,nnioc,Awesome
Utility,jukba,Romantic
Essential,iqclv
Luxury,wwnhg
Essential,kbrhr
Luxury,mkumu
Essential,ngkmf
Utility,raqyq,Rare
Essential,ulufr
Essential,mjdst
Utility,brcdw,Awesome
Luxury,oqcpl
Essential,uvafw
Utility,tqixt,Romantic
Luxury,uadgc
Utility,rvhxe,Normal
Utility,zkfub,Rare
Essential,arkeo
Luxury,cgria
Luxury,avueb
Luxury,dpzns
Utility,xyqay,Normal
Luxury,cfhxu
Essential,kaaus
Essential,ajamt
Essential,kvibf
Essential,mvbhg
Luxury,nwcth
Essential,iqxia
Essential,ohixp
Essential,mmanc
Utility,ngqtu,Normal
Utility,nrnjj,Standard
Utility,dhmsj,Normal
Essential,ahcgn
Utility,zeyoo,Standard
Utility,diyzg,Awesome
Luxury,oprjy
Luxury,zqqwc
Utility,ngzcz,Normal
Essential,pxozs
Essential,isqyp
Luxury,gfhdq
Utility,kawaw,Rare
Essential,ubaes
Essential,gslkm
Luxury,ojjlf
Utility,bbscr,Awesome
Luxury,gonea
Utility,ejfva,Awesome
Luxury,spzev
Utility,cxlju,Rare
Essential,gxkzs
Essential,rduby
Luxury,tqguw
Utility,gqvpb,Rare
Essential,bduhw
Luxury,kaswx
Essential,guwue
Luxury,esgxd
Luxury,xftrp
Utility,ijcpi,Rare
Essential,fikrr
Essential,htjld
Essential,cgani
Luxury,werxz
Utility,jmkfo,Rare
Essential,jcgou
Luxury,ciqwv
Luxury,vsbux
Utility,kpblx,Romantic
Utility,myqhg,Rare
Utility,urgnt,Standard
Utility,rhlkf,Standard
Luxury,akryh
Luxury,lapfb
Essential,sbybm
Essential,wuuop
Utility,rxliw,Normal
Essential,cmtji
Essential,fonsc
Essential,hgbgk
Essential,nsxmp
Luxury,abxzl
Utility,mgjzq,Rare
Luxury,izrdv
Luxury,hspfs
Luxury,mpnwe
Utility,djnps,Awesome
Essential,istbr
Utility,nzfmp,Awesome
Luxury,afejy
Essential,ceeaw
Utility,oecif,Awesome
Essential,vxgcl
Utility,dlxsi,Awesome
Luxury,iqnhl
Utility,gsszc,Normal
Utility,pqvic,Awesome
Luxury,pwsrg
Utility,szjsd,Normal
Utility,bbmrk,Romantic
Utility,ybugx,Standard
Utility,brazw,Standard
Utility,rdxej,Normal
Luxury,wzguk
Utility,eswsf,Standard
Luxury,udici
Utility,xpemg,Awesome
Essential,kkdwb
Luxury,jpsuw
Utility,tedrh,Normal
Luxury,qakzq
Luxury,djztr
Utility,hfojh,Standard
Luxury,xgjiv
Luxury,sjqih
Essential,jhfzq
Luxury,xurrm
Utility,rltef,Normal
Luxury,rbgrx
Utility,slvxz,Standard
Utility,gtyfw,Romantic
Essential,uvhss
Luxury,jazzc
Utility,itgqa,Normal
Luxury,ortns
Utility,riokx,Rare
Utility,ypvxd,Romantic
Luxury,bikhp
Essential,bptmc
Utility,xjqfk,Normal
Utility,pdaao,Awesome
Utility,fnrwi,Standard
Luxury,spujg
Luxury,bceie
Utility,qczpy,Normal
Essential,djhcs
Luxury,melos
Utility,ekdzn,Rare
Essential,ndzrj
Utility,slrag,Rare
Essential,wxhwb
Luxury,kqgrn
Essential,dhihv
Essential,mpdqz
Essential,shhgk
Utility,yaqvg,Standard
Luxury,xthmr
Essential,ndqkl
Luxury,bmtdi
Essential,aakob
Utility,bvles,Romantic
Luxury,egpko
Essential,qmirn
Essential,fqwvu
Essential,iisrn
Essential,dgbwb
Luxury,cndzk
Luxury,hvtiz
Essential,bpnoh
Utility,xmmey,Romantic
Luxury,izemu
Luxury,wwzph
Luxury,tcqat
Essential,cioov
Luxury,nybka
Utility,rsrqw,Normal
Luxury,gzwpj
Essential,entxu
Luxury,qtuys
Utility,makxn,Normal
Luxury,hgalz
Essential,jyljx
Luxury,grfya
Essential,upevg
Utility,dhdoa,Normal
Essential,shkst
Utility,ipbfg,Standard
Luxury,colpx
Utility,bjgia,Romantic
Luxury,agkxu
Utility,hrqhg,Normal
Utility,imzlp,Rare
Utility,fkxqi,Romantic
Essential,ldajw
Essential,oqdsh
Utility,clitg,Standard
Luxury,lvoyc
Essential,ccaxn
Essential,dxupa
Utility,ssnhn,Normal
Utility,rqtcq,Normal
Luxury,mhfpt
Utility,lxoid,Normal
Luxury,zegqd
Utility,bxgwi,Romantic
Essential,zcynb
Essential,cvdst
Luxury,boovh
Essential,oifll
Essential,hocjn
Essential,ozxsq
Utility,lznbd,Normal
Luxury,owoss
Luxury,endfy
Essential,kxyab
Luxury,rvdcc
Luxury,veayb
Essential,goxgt
Utility,brlth,Normal
Luxury,nbqkb
Utility,bxptk,Normal
Luxury,beofr
Essential,rpaix
Utility,nsedt,Romantic
Luxury,xhxif
Luxury,jyptb
Utility,wandi,Standard
Essential,midan
Luxury,toltg
Essential,wnhjs
Essential,lwari
Essential,wocvw
Essential,jqoyy
Luxury,hmhgr
Luxury,urjea
Utility,uunzl,Awesome
Luxury,rlfgr
Essential,glejc
Utility,zgvaf,Standard
Essential,rjwwq
Luxury,elwvg
Luxury,khtek
Utility,hrfzo,Rare
Luxury,akssk
Essential,cgdcb
Luxury,gqfft
Luxury,uuquc
Essential,lxwtp
Utility,rnarv,Awesome
Essential,tkxtp
Utility,lzbme,Romantic
Luxury,fhxtn
Essential,dwmal
Utility,uzeey,Rare
Essential,kofts
Luxury,havci
Luxury,zybrn
Essential,yrvam
Utility,sqosf,Rare
Luxury,ufouf
Luxury,ttrtv
Utility,omzul,Normal
Utility,qopoq,Rare
Luxury,pohxl
Essential,qopry
Luxury,dmdgv
Essential,qxaen
Essential,bwgeg
Essential,tnrdd
Luxury,rwpfy
Luxury,etcqy
Luxury,jvgju
Luxury,atwql
Utility,tpfls,Romantic
Essential,hpejr
Essential,enqgm
Luxury,efrcf
Luxury,vdvgz
Utility,nptcr,Awesome
Luxury,dbrdf
Essential,dspfu
Essential,dvvgh
Essential,jklvg
Utility,iojsk,Rare
Luxury,swhfd
Utility,glftt,Normal
Essential,jzkzp
Luxury,putrq
Utility,iodgi,Normal
Luxury,wjwes
Utility,aesfe,Normal
Essential,byvzo
Essential,pvltu
Utility,qttet,Romantic
Luxury,hktug
Luxury,hukuk
Utility,qkttp,Rare
Luxury,bpykw
Essential,ormbz
Luxury,lwnih
Luxury,gaked
Essential,qcqwg
Luxury,psvev
Essential,hwwxk
Utility,poily,Standard
Essential,sssvl
Utility,mzahk,Normal
Utility,uxwcn,Awesome
Essential,jkuji
Luxury,pijbk
Essential,dtozo
Utility,yfwtw,Rare
Luxury,vtcaf
Utility,kjgar,Standard
Utility,mgste,Rare
Essential,zgcib
Essential,dghcs
Utility,luxin,Standard
Luxury,blhdh
Luxury,cttyi
Essential,avyxa
Utility,vdmvt,Normal
Luxury,bqqbm
Luxury,hdrgr
Utility,dphne,Standard
Luxury,panom
Essential,vhvnf
Luxury,qaxzf
Luxury,tbtsf
Essential,loqvr
Utility,lxciw,Awesome
Utility,tusjc,Rare
Luxury,izqov
Luxury,naagq
Essential,bmzae
Utility,rqwsl,Awesome
Essential,zuqlf
Luxury,djglg
Luxury,jaitf
Utility,yiwmh,Romantic
Luxury,gyqdi
Utility,vkjfh,Rare
Essential,jugfn
Utility,lbnqy,Romantic
Essential,lhxkr
Essential,zkmiy
Luxury,vlflg
Utility,bofba,Standard
Essential,clopj
Luxury,pgsak
Luxury,jeney
Utility,yumjt,Awesome
Utility,cbvrc,Awesome
Luxury,scyxk
Essential,fzezf
Luxury,pcpwq
Luxury,gnfub
Essential,emvyi
Essential,frfme
Essential,vjovh
Utility,iocla,Rare
Essential,nmxeg
Luxury,jefnh
Luxury,kbcxr
Utility,wwbtm,Awesome
Luxury,akyxo
Essential,pejkv
Utility,ezqst,Rare
Luxury,xnvuv
Utility,aqbwv,Romantic
Utility,jccjp,Normal
Luxury,vhcxk
Luxury,igoyd
Luxury,gqdzu
Luxury,azjno
Luxury,fjrle
Luxury,qgozu
Essential,qpwin
Luxury,gefwj
Luxury,jixjr
Utility,ljjap,Rare
Essential,wicoi
Essential,ypzxr
Luxury,angkv
Luxury,saufy
Utility,qiuzc,Standard
Essential,nlvci
Utility,fpfhp,Rare
Essential,srfds
Essential,civta
Essential,alpnr
Luxury,zabul
Essential,iavke
Luxury,jauol
Utility,vlkke,Standard
Utility,ejtjq,Awesome
Utility,wvors,Rare
Essential,pvniu
Utility,uakuk,Standard
Utility,ncdgn,Romantic
Luxury,kruga
Luxury,qsdmo
Utility,vtbft,Rare
Luxury,niqqw
Utility,dgepn,Standard
Essential,rlcqw
Luxury,kaysl
Luxury,lzmnk
Luxury,gyeht
Utility,vhvbj,Romantic
Essential,mqrtf
Utility,lmmzx,Romantic
Luxury,vvomw
Essential,zlqlt
Essential,qfkkx
Luxury,whhmx
Essential,cxsty
Utility,ctaza,Standard
Luxury,yuzxk
Utility,bzpij,Rare
Luxury,mcngf
Luxury,ocmbi
Luxury,azwka
Luxury,ybxfp
Luxury,vjnyn
Luxury,pmtgk
Essential,mhunb
Utility,vikme,Rare
Utility,xbupi,Rare
Essential,speop
Luxury,dtpjv
Luxury,usjxo
Luxury,jedtu
Utility,fdaqs,Romantic
Essential,pxcix
Utility,lbxmd,Romantic
Utility,hbtrh,Romantic
Utility,bpfdy,Romantic
Utility,yagtt,Normal
Essential,aniky
Utility,yssgp,Rare
Utility,riioa,Standard
Essential,ooyjm
Luxury,xuxwe
Utility,fbauw,Normal
Luxury,iexne
Utility,lgfgd,Romantic
Essential,vskam
Essential,etffp
Utility,uehlg,Awesome
Luxury,dynbd
Essential,eyntl
Utility,obgfk,Awesome
Essential,exzrv
Luxury,lqflb
Luxury,wnyig
Essential,waugf
Luxury,trgng
Luxury,sirpj
Utility,wlmti,Normal
Luxury,vvrwi
Luxury,vnkkv
Utility,oxkrc,Awesome
Luxury,phcmu
Luxury,msjad
Luxury,lgitj
Utility,acnyf,Rare
Luxury,kgsqu
Utility,wpkei,Standard
Essential,eprpx
Luxury,cnhpf
Essential,qupvn
Utility,ssipe,Awesome
Essential,xajak
Luxury,qmwkj
Essential,fftmg
Luxury,ymkfp
Essential,ebzni
Essential,hsdcw
Essential,oflep
Essential,satgb
Essential,cfyzp
Utility,jkdxf,Romantic
Luxury,qcoiq
Utility,bmrzi,Awesome
Luxury,dsiei
Essential,qwaqj
Utility,mqmjf,Normal
Utility,ijppp,Awesome
Essential,wzmec
Essential,geuyj
Utility,mpnix,Standard
Luxury,jfgtd
Essential,evjog
Utility,mmujy,Normal
Essential,kkzev
Utility,sdxnb,Standard
Essential,mffqu
Luxury,ecitt
Essential,kwlka
Utility,dygpj,Standard
Utility,vqlkl,Normal
Essential,rbkhc
Utility,sdbgs,Awesome
Luxury,rzwvh
Luxury,onpoi
Utility,qqnul,Awesome
Essential,ajtcy
Utility,omehh,Romantic
Luxury,glffi
Utility,rhhep,Standard
Utility,cwilm,Rare
Essential,xqxzr
Utility,wpubv,Rare
Essential,tsiwx
Luxury,nejhp
Luxury,uyhhb
Luxury,irmue
Luxury,ayqsj
Luxury,pbqtd
Essential,gxcrz
Essential,wmkiv
Luxury,mhdof
Utility,hodvr,Awesome
Utility,yivrw,Awesome
Essential,nstyx
Essential,ktfkx
Luxury,fkbjh
Utility,lqjhf,Standard
Utility,jxauy,Awesome
Utility,mhuke,Rare
Utility,cfmoa,Standard
Luxury,mszpt
Utility,ygxxp,Awesome
Utility,bygha,Standard
Luxury,ckrqg
Utility,eelty,Standard
Essential,trmcp
Essential,tbths
Luxury,rgtsq
Utility,uterm,Rare
Essential,yevsg
Utility,thppx,Normal
Essential,lmjsu
Utility,nkuuu,Standard
Luxury,nkgkn
Essential,swijr
Luxury,vjmnk
Essential,wacov
Utility,kdhnn,Romantic
Essential,ychnl
Essential,qeetg
Utility,hhhur,Rare
Essential,reqdm
Essential,cviwa
Utility,rfokb,Standard
Essential,gkyys
Luxury,vhhzn
Essential,vfiet
Luxury,xbpde
Luxury,eteit
Utility,uuwjm,Rare
Luxury,ycrly
Essential,pprfl
Essential,huqfr
Utility,znudw,Normal
Essential,tjvfp
Luxury,axrrm
Luxury,uytwm
Utility,pmoyn,Romantic
Luxury,xscxl
Essential,rbcxs
Luxury,pszpl
Utility,ksytg,Romantic
Essential,hjsmo
Essential,fpwzq
Utility,yctpq,Standard
Utility,plftd,Standard
Essential,ctmlr
Essential,pafva
Essential,zedog
Utility,uterr,Standard
Luxury,gmeoq
Utility,fbwzs,Standard
Essential,dhjss
Essential,luhhl
Luxury,fjrhz
Luxury,zhqkz
Luxury,xetqy
Luxury,pxytp
Luxury,bkuiv
Essential,dkmod
Essential,cnwnh
Utility,jlqsy,Normal
Luxury,uybci
Utility,ptuuk,Rare
Luxury,mhdpw
Utility,uywkx,Rare
Luxury,zayal
Essential,doyrk
Luxury,nrsaj
Luxury,hioeh
Essential,acgvb
Luxury,poapq
Utility,dahaq,Standard
Luxury,qeeur
Luxury,tldkq
Essential,yewlx
Luxury,keszj
Essential,ffmjp
Essential,ypyvq
Utility,uxofr,Normal
Essential,xfqgo
Utility,feiik,Normal
Essential,usjwa
Luxury,vnkkh
Essential,synpc
Essential,czivf
Luxury,ywpjw
Utility,ilmjw,Normal
Essential,zvguo
Essential,ysehh
Essential,rzljw
Essential,uuveh
Essential,gzghi
Utility,fipfu,Normal
Utility,xavvu,Romantic
Utility,oqdxl,Rare
Essential,nrywj
Utility,bleiq,Normal
Essential,xjfap
Luxury,myseq
Essential,ktyfq
Utility,zpwil,Normal
Luxury,yuhpo
Luxury,uuxnr
Utility,vcwxi,Rare
Utility,ievmi,Standard
Essential,evawu
Essential,mvbve
Utility,gyqwn,Romantic
Luxury,daitr
Luxury,eccsl
Essential,jbfsf
Utility,hyccr,Romantic
Luxury,gxbdj
Essential,isxhf
Utility,wregp,Awesome
Essential,ilpjz
Utility,jcizs,Rare
Luxury,glimt
Essential,iafyc
Utility,gmoya,Standard
Utility,jcocq,Normal
Luxury,qxkoq
Utility,pubfp,Standard
Essential,cnrtq
Utility,crous,Normal
Utility,rmnui,Awesome
Luxury,vmmro
Utility,ehndw,Rare
Essential,bwieq
Luxury,yvghu
Essential,ikqrz
Essential,ohejd
Luxury,jhygm
Luxury,jfsoh
Essential,xhpol
Utility,ebkfh,Normal
Essential,khjii
Essential,ehfth
Luxury,nibej
Utility,lixsn,Awesome
Luxury,gkncu
Luxury,hsacn
Luxury,thevy
Luxury,wjxtm
Essential,vlrni
Essential,apedc
Essential,tsqbt
Essential,ospax
Luxury,hdzmj
Luxury,lnjba
Essential,azjzb
Essential,xrlgd
Luxury,nddwf
Luxury,jrhqr
Utility,wqmyn,Awesome
Luxury,omwhk
Essential,ukgxf
Essential,ntnwp
Luxury,jxkjt
Luxury,hlnwk
Utility,jovhq,Romantic
Essential,jftwx
Essential,einsy
Essential,nbsgd
Utility,usrju,Awesome
Essential,slahx
Luxury,kxnsc
Essential,txujr
Utility,afznv,Rare
Utility,wxiqt,Romantic
Utility,cchqu,Normal
Utility,xinjd,Romantic
Luxury,hmtqy
Essential,cfrij
Essential,vybib
Utility,hudix,Awesome
Luxury,gnglj
Luxury,ctjee
Essential,tursu
Luxury,gbqfw
Luxury,myejd
Luxury,objeh
Essential,vtvim
Essential,ynhco
Essential,kdcgz
Luxury,yzjhm
Utility,ptgri,Normal
Essential,kaamp
Utility,pjyzz,Awesome
Essential,crtyz
Luxury,zstep
Luxury,scjxj
Luxury,tjllu
Utility,qrdyc,Rare
Luxury,cecng
Essential,klezu
Utility,galob,Rare
Essential,upaga
Essential,wvtez
Luxury,zbrqk
Utility,rbvvj,Rare
Utility,yvkwr,Awesome
Luxury,lvnof
Utility,qlvnv,Awesome
Utility,ytkzc,Rare
Luxury,feszv
Essential,wvuby
Luxury,frhkq
Utility,igqri,Normal
Essential,dvkwc
Essential,cuenl
Utility,sxyfr,Awesome
Luxury,qkdqq
Utility,siwnq,Standard
Essential,ueiis
Utility,uqfgr,Romantic
Utility,pjqtb,Romantic
Essential,fehkh
Utility,nbaxg,Rare
Luxury,eitjy
Luxury,umjpx
Utility,tossn,Normal
Luxury,semty
Utility,nlttz,Standard
Luxury,rwyrx
Utility,iumwp,Rare
Essential,laskh
Luxury,tzrmc
Essential,eofix
Luxury,ldtbp
Utility,fblye,Awesome
Utility,bcihz,Awesome
Luxury,dyfgo
Luxury,raele
Utility,ctiaq,Standard
Essential,xadfq
Utility,yxzyo,Awesome
Luxury,gqfxz
Utility,hzhol,Rare
Luxury,tjnwq
Essential,tztwx
Utility,pjbrf,Awesome
Utility,dvseb,Rare
Utility,lfykk,Rare
Essential,gooiq
Essential,jobzi
Utility,ezthv,Rare
Utility,rmxjs,Standard
Utility,tggtw,Standard
Essential,psqsf
Utility,eeoze,Awesome
Utility,fxqrt,Standard
Essential,tiang
Luxury,iqkgb
Utility,awzll,Awesome
Utility,haikg,Normal
Luxury,xhfco
Luxury,ianvf
Utility,zyagj,Awesome
Essential,vzczu
Luxury,akeep
Luxury,ndemc
Utility,rryrl,Rare
Utility,bwsia,Romantic
Essential,gnwwi
Essential,ucfmv
Utility,imfsk,Standard
Utility,legzz,Normal
Essential,uhnyw
Luxury,jvcqi
Essential,cpnlb
Essential,aqbhz
Utility,ehvfi,Normal
Luxury,eeenl
Essential,evbsi
Utility,bardk,Normal
Essential,emrjb
Utility,mzewa,Normal
Luxury,lhhyw
Luxury,hfpji
Utility,hohnv,Normal
Utility,hlezv,Normal
Luxury,lmxbb
Essential,hqjcy
Utility,aartv,Normal
Luxury,uxmvj
Essential,wafyj
Utility,zedrs,Romantic
Essential,qiijn
Luxury,qxtfb
Essential,toghq
Utility,kyobg,Romantic
Utility,jzmsj,Romantic
Essential,ikdrj
Luxury,xxyix
Utility,ahzaf,Standard
Essential,vgtei
Utility,vjtgk,Romantic
Utility,pemva,Normal
Essential,abetz
Essential,kemfy
Luxury,slmsv
Utility,yfubx,Standard
Essential,ewodt
Utility,mrrso,Romantic
Utility,rfaqc,Standard
Utility,shqob,Standard
Essential,rfjug
Utility,wwhxk,Rare
Essential,svaxs
Essential,gjhkm
Utility,wispm,Rare
Luxury,cqsuh
Utility,glvuv,Romantic
Luxury,ukegc
Utility,bgkyi,Normal
Utility,tbvxk,Normal
Utility,roufv,Awesome
Essential,xkxqo
Luxury,ptsxi
Luxury,qzfvg
Utility,dxicm,Standard
Essential,ukxhz
Utility,kciol,Awesome
Luxury,lippq
Essential,vpshw
Essential,cbgtg
Luxury,fhkam
Essential,xmsdc
Essential,smxgf
Luxury,thojk
Essential,hmdbd
Essential,lmwrm
Luxury,hwjlf
Essential,wsqcl
Luxury,ofppo
Luxury,rhzuq
Essential,sxero
Luxury,awuzo
Luxury,vcsiq
Utility,wpbrv,Normal
Luxury,mgcse
Luxury,uxand
Luxury,cjtgq
Essential,mugej
Essential,crfwo
Luxury,svvyj
Utility,uyqlw,Awesome
Luxury,shmdl
Essential,xipyv
Utility,yaqeq,Normal
Essential,ztedx
Utility,itmzo,Standard
Luxury,sfjgd
Essential,zxktr
Utility,vwcdv,Rare
Essential,yzuqu
Luxury,jbeos
Essential,hmyml
Essential,ebszj
Utility,clioe,Normal
Luxury,ssods
Luxury,cxziy
Utility,yfkhr,Normal
Luxury,aazgc
Essential,chxkl
Utility,afhnc,Rare
Essential,dnncs
Luxury,xvwmm
Essential,ypfht
Utility,wcirj,Normal
Essential,agfda
Utility,fqrjh,Standard
Utility,qcllf,Rare
Utility,cumdk,Standard
Essential,uxiom
Utility,tspgc,Normal
Utility,zrhsw,Standard
Essential,pmlxk
Essential,oexdu
Utility,smnpy,Rare
Essential,qbrpy
Essential,ebnqz
Utility,nashe,Rare
Essential,oghtl
Essential,hqzvp
Essential,seene
Essential,uqiwy
Utility,qhekn,Standard
Utility,mzqir,Normal
Essential,cctpv
Utility,nmxiq,Awesome
Essential,scext
Utility,ilspb,Romantic
Essential,jgdjm
Essential,irczb
Utility,byhil,Romantic
Utility,rscjk,Rare
Essential,ezrlr
Essential,mhetz
Luxury,gbnll
Luxury,dszaw
Utility,kokbn,Standard
Essential,rjfkg
Luxury,bnaqk
Luxury,phssw
Essential,sxptq
Utility,qjmgr,Rare
Luxury,akikk
Utility,lskcu,Romantic
Luxury,jpdpl
Essential,pdfsd
Luxury,atmba
Utility,iaphf,Romantic
Utility,rdvye,Normal
Essential,ddrxr
Essential,jzarh
Essential,ktqlq
Luxury,iuvia
Luxury,jclyb
Utility,vcpey,Awesome
Essential,cxpiz
Utility,aciqi,Standard
Utility,qvdss,Normal
Essential,hpsga
Essential,kroyo
Essential,pxoxz
Luxury,ypzkw
Essential,wokbv
Essential,wbenm
Luxury,ogwja
Luxury,ehwjl
Luxury,vurcs
Luxury,fqfyc
Luxury,pvxqx
Utility,bofcc,Rare
Luxury,pkyhy
Essential,hyoda
Utility,gulkj,Normal
Essential,iujoa
Utility,jatpq,Normal
Essential,tnjqh
Luxury,jjmil
Luxury,swnzs
Utility,oumqy,Standard
Luxury,hzucv
Utility,ndrth,Romantic
Essential,ntwnn
Utility,xjwin,Normal
Essential,qzkil
Utility,khyaf,Romantic
Essential,uzqvx
Essential,txtxz
Utility,tvzne,Rare
Luxury,cpgln
Luxury,qnalc
Essential,piqlg
Essential,fggux
Luxury,xmwyb
Essential,paamu
Essential,ojqru
Utility,omkjb,Romantic
Utility,uzbku,Normal
Essential,knsnb
Utility,shewp,Normal
Utility,ptcam,Awesome
Luxury,dqmjr
Essential,raajw
Utility,tssdz,Normal
Luxury,melpe
Essential,lgnqo
Essential,hxkyx
Utility,ofhjd,Rare
Luxury,bvbwt
Essential,cralc
Utility,imxha,Standard
Essential,dpjez
Luxury,knmuy
Utility,qpsoh,Normal
Luxury,bvwds
Utility,xdkjj,Awesome
Essential,ipyyi
Essential,szjmg
Utility,ottrq,Rare
Utility,ylltt,Rare
Essential,qpswg
Luxury,idgun
Essential,viutp
Luxury,uiajn
Luxury,hjcvf
Utility,gcbdl,Standard
Essential,ajkvj
Utility,nqunu,Romantic
Essential,viyzw
Essential,dfkcy
Utility,uijgp,Rare
Utility,enapt,Awesome
Essential,bvhqx
Luxury,txjxx
Luxury,bjqji
Utility,wrxqf,Awesome
Luxury,ccuva
Essential,rdmjk
Essential,fwzrh
Utility,lppzj,Awesome
Essential,afpyi
Essential,lvhjm
Luxury,rnuzd
Luxury,hqnkm
Utility,puseq,Rare
Utility,yvvqj,Standard
Essential,bopla
Luxury,koyyk
Utility,zsozn,Rare
Luxury,fljbb
Essential,qtezq
Luxury,grloj
Essential,rlsoa
Luxury,hxcti
Luxury,rwtgo
Luxury,iomtw
Utility,btcmk,Romantic
Utility,djphq,Rare
Luxury,rglbt
Essential,zxwdm
Utility,mvgrd,Normal
Utility,rqtbp,Standard
Utility,yyezl,Romantic
Luxury,pbhur
Utility,yxdgs,Normal
Luxury,aeglh
Luxury,yelsl
Essential,wlrrp
Utility,jrbil,Standard
Essential,xbzsn
Luxury,gtqrh
Utility,cnphv,Romantic
Essential,sukad
Essential,qmetz
Utility,zlvqn,Standard
Utility,gexxr,Standard
Utility,bxinv,Normal
Luxury,mnzxq
Luxury,wefwl
Luxury,auggr
Luxury,jkpzu
Utility,okauw,Normal
Essential,vfqds
Essential,eakvq
Essential,rvttk
Essential,hkzir
Essential,jtywx
Luxury,newmn
Essential,ezqll
Essential,hvjjm
Luxury,hkjrq
Luxury,wyekv
Essential,dmoib
Essential,qgvtu
Essential,uqldv
Essential,ysyst
Utility,ixvxi,Standard
Utility,tzzdn,Awesome
Essential,ckoan
Essential,tiicu
Utility,jjidd,Standard
Luxury,jnvmw
Utility,xbmpb,Normal
Essential,xupkn
Essential,mwlqr
Utility,pdzdt,Normal
Essential,yhclh
Luxury,yxjen
Utility,khlib,Rare
Essential,remft
Utility,ebczt,Rare
Luxury,ugtyc
Utility,sgqxg,Normal
Luxury,itznn
Luxury,phlak
Luxury,favxv
Utility,qjtzu,Standard
Utility,wszlu,Awesome
Luxury,owcpn
Essential,ilnvo
Essential,mdhpf
Luxury,oaygl
Essential,jphgl
Essential,vnolo
Luxury,kcmfb
Utility,zfbop,Rare
Luxury,vwdul
Essential,ymvtv
Luxury,aniyx
Utility,eimeb,Rare
Utility,afgpa,Normal
Utility,qxfeq,Romantic
Luxury,cvlqo
Utility,puyya,Awesome
Essential,hviug
Essential,kjhjh
Luxury,hjeaw
Utility,zrxvk,Romantic
Essential,yfeek
Luxury,kxgnw
Utility,sczrk,Standard
Luxury,dglbc
Essential,rhlrl
Essential,efwwc
Essential,ajmst
Essential,pgkux
Luxury,quqpu
Utility,easki,Romantic
Luxury,ewght
Utility,yfsmt,Standard
Utility,grezx,Rare
Luxury,lqgce
Essential,fyokq
Utility,knanb,Normal
Essential,grcpk
Luxury,wxhln
Luxury,xswbw
Essential,xosxm
Essential,dnuzs
Essential,zqxvk
Luxury,lrspx
Utility,rcivq,Rare
Luxury,pqmgc
Essential,uamka
Luxury,iyrmh
Essential,sklgx
Essential,ybvsa
Luxury,ssgof
Luxury,lgsle
Utility,kpzzk,Rare
Utility,uxifi,Awesome
Utility,iqwva,Romantic
Utility,kdfej,Romantic
Utility,rbknn,Rare
Utility,ixsjr,Standard
Essential,hscfs
Essential,yalgv
Luxury,hdyyq
Essential,wmxct
Essential,biyzr
Essential,aouoq
Luxury,zosvg
Luxury,tovbk
Luxury,frecd
Luxury,kfmvi
Utility,gtlqs,Awesome
Luxury,nmxex
Luxury,blqyg
Essential,otywp
Utility,tmjzl,Rare
Essential,ttjat
Essential,zxksj
Luxury,uonvp
Essential,xficv
Essential,yjeto
Utility,bqyjy,Awesome
Luxury,xipgh
Essential,vtcbq
Luxury,dseub
Essential,qfpns
Luxury,evqtm
Luxury,fosjv
Essential,srmze
Luxury,fixlu
Essential,npyjh
Essential,hwant
Luxury,nccmf
Essential,jlodp
Essential,qprpa
Utility,qtdez,Standard
Luxury,zpozh
Utility,kayqc,Standard
Utility,tmsrt,Standard
Utility,lsdcg,Awesome
Luxury,gcllp
Luxury,axswh
Luxury,vuwof
Luxury,jxwts
Essential,pcvqo
Utility,ljcdr,Standard
Essential,duteu
Luxury,rvszk
Essential,phuqm
Utility,pkyis,Rare
Utility,nvncg,Awesome
Luxury,qypbt
Essential,avemw
Essential,ymylb
Essential,exvws
Utility,vxhop,Romantic
Utility,qsyfr,Standard
Utility,etqek,Standard
Luxury,yfutr
Essential,fcdkw
Essential,xhpsi
Essential,wtfhv
Utility,kkkqw,Standard
Luxury,uiyqu
Essential,euixp
Utility,saycm,Romantic
Essential,vfcjn
Essential,oozcd
Essential,wefux
Luxury,qtswi
Luxury,fsqer
Utility,oczlb,Romantic
Essential,cfpuv
Essential,ibzbf
Luxury,praao
Utility,hzgut,Rare
Essential,zpnpz
Utility,ojxcz,Rare
Luxury,egrpi
Utility,uomwg,Normal
Utility,hbyns,Standard
Luxury,vgpgt
Luxury,lychu
Utility,zvgqx,Awesome
Essential,njmar
Luxury,lyhxo
Luxury,rwugd
Utility,hzgup,Standard
Utility,fbhcw,Standard
Luxury,fkzfc
Utility,mtyhd,Awesome
Utility,xnjdc,Awesome
Luxury,cihjl
Luxury,cahxl
Essential,sbwdo
Luxury,vhesa
Essential,rsgcn
Utility,qjgju,Romantic
Utility,rovpk,Rare
Luxury,zwrqn
Utility,kfwjr,Standard
Luxury,hewkj
Utility,jhqrn,Awesome
Essential,khsiq
Essential,eeuxj
Luxury,vivwo
Essential,rmlij
Essential,arbum
Utility,nbfai,Standard
Essential,xqlaq
Essential,tdgkl
Utility,wdpzj,Rare
Utility,esyuf,Rare
Essential,tlwhe
Utility,xjihr,Romantic
Utility,lqbtb,Normal
Utility,pvqes,Romantic
Essential,ocbvd
Luxury,eulqe
Luxury,umxcm
Luxury,mhbmv
Essential,kesnj
Luxury,fisbr
Essential,lyglk
Luxury,rigvx
Luxury,ocyle
Utility,nngbo,Awesome
Luxury,sxpgc
Luxury,pnjai
Essential,fouon
Essential,lgmhj
Essential,plyan
Luxury,acpge
Luxury,csecp
Luxury,jyjtt
Essential,xyhgv
Utility,qshjk,Standard
Utility,fhpdz,Normal
Utility,mdydg,Standard
Luxury,wpssc
Essential,llrvu
Essential,wqxbm
Essential,xhsit
Luxury,xhaut
Utility,oqxct,Standard
Luxury,jiryr
Essential,krhtd
Luxury,iqqhy
Essential,xaqrv
Luxury,mhvkh
Luxury,gktpu
Utility,gkxog,Standard
Luxury,xkpvt
Utility,ybffh,Awesome
Essential,btstv
Utility,qxvby,Normal
Luxury,izphg
Utility,vlnda,Rare
Utility,dezpm,Romantic
Utility,sfkcj,Romantic
Utility,hsnlb,Standard
Utility,hsktg,Normal
Essential,bpvxp
Luxury,pntsp
Utility,fhrrz,Rare
Utility,ipehp,Rare
Utility,bzgsw,Awesome
Luxury,tnpdq
Utility,ynfhx,Standard
Essential,tlwno
Luxury,qdpgr
Utility,dwaft,Normal
Essential,rpeox
Utility,ulhge,Rare
Utility,rxbcs,Standard
Luxury,ygcwd
Essential,tvlei
Utility,orvuu,Normal
Utility,uqyeh,Romantic
Utility,nnijv,Awesome
Essential,cwvdo
Utility,kiokg,Romantic
Luxury,ktypv
Luxury,zthet
Essential,dbigu
Essential,yvmsz
Utility,hneyc,Awesome
Essential,vbecp
Utility,stnjd,Romantic
Utility,trwlt,Awesome
Utility,pgaub,Romantic
Luxury,vffol
Luxury,lniua
Utility,qijij,Standard
Utility,efkqh,Normal
Luxury,sdpxl
Utility,aeliu,Standard
Luxury,axphh
Essential,odmck
Utility,rhdyz,Standard
Essential,fbkzm
Luxury,otbpu
Luxury,pcewb
Essential,qadrl
Luxury,anbeh
Luxury,bycdg
Essential,qjdbq
Essential,ilzjf
Essential,asier
Essential,wapsa
Essential,pjbbg
Luxury,ptewe
Utility,ufyev,Romantic
Luxury,yjago
Luxury,xtple
Luxury,epbim
Essential,leljx
Utility,wnhzv,Standard
Essential,gmein
Luxury,fbbrl
Luxury,rxmus
Essential,lpvuo
Utility,pdynt,Awesome
Utility,nazql,Rare
Essential,zxkng
Luxury,fpqpx
Luxury,aklvm
Utility,siupj,Standard
Utility,tlpan,Romantic
Essential,podog
Essential,crttl
Luxury,ccsmz
Essential,vafic
Utility,bmzvg,Romantic
Luxury,abedu
Utility,wycou,Normal
Luxury,hwpqa
Essential,icvbn
Utility,joctc,Standard
Utility,ddfge,Standard
Luxury,vyvfe
Utility,uagoh,Awesome
Essential,xjpoy
Essential,foxne
Luxury,zzdff
Utility,qwqst,Awesome
Utility,fqeki,Standard
Utility,eaozc,Awesome
Essential,vmkgz
Utility,qbhmj,Awesome
Essential,mimdf
Utility,euzuf,Rare
Utility,kdprt,Normal
Essential,chnlh
Luxury,qsehd
Essential,cwwqd
Luxury,bpytc
Utility,lsjld,Standard
Essential,eebcb
Essential,zrsex
Utility,awwzs,Standard
Essential,mynst
Essential,ohkim
Utility,tyelf,Awesome
Utility,kqjhk,Standard
Luxury,eubtd
Luxury,qgorr
Essential,otflu
Utility,qxglp,Romantic
Luxury,mijxn
Luxury,iuslr
Essential,qvwdy
Utility,kdvdi,Rare
Utility,egljf,Rare
Luxury,dahno
Essential,infhz
Essential,wsaiu
Utility,oepgp,Rare
Essential,grzgb
Luxury,jvcya
Luxury,uwzga
Utility,qngbc,Normal
Essential,dxnnz
Luxury,ngdlb
Essential,pggcu
Utility,rzbon,Standard
Luxury,gcvtn
Utility,hiivl,Romantic
Essential,xsnjw
Utility,umdiy,Standard
Luxury,cihpf
Essential,bocjv
Essential,vjazs
Luxury,tnivy
Luxury,gsfls
Luxury,yniwb
Utility,uqnza,Normal
Utility,jiayb,Rare
Essential,nxmcl
Luxury,ugfqr
Luxury,txwig
Luxury,nwqjn
Essential,vrmcc
Essential,topnf
Essential,iswcv
Essential,atnbq
Essential,xguml
Essential,swmrd
Essential,cxxze
Essential,wwiek
Essential,bqppd
Utility,vuiml,Romantic
Essential,beypf
Essential,gejjs
Utility,xsdgj,Standard
Utility,yxkcy,Awesome
Luxury,onbuq
Luxury,cbqef
Utility,argob,Normal
Utility,yklci,Standard
Luxury,xvmse
Utility,ublcw,Normal
Luxury,qbdqa
Essential,astak
Essential,vpelo
Luxury,jmgag
Luxury,kjiei
Essential,fyaav
Utility,qwfrs,Rare
Utility,wuice,Normal
Utility,kwaan,Romantic
Utility,vyhyu,Standard
Utility,fitcd,Standard
Utility,aviic,Normal
Utility,uujih,Normal
Luxury,aurnh
Luxury,bgmku
Luxury,upzbz
Essential,qnvhu
Luxury,ksixk
Utility,bhmoq,Standard
Essential,zosrv
Utility,ulkrt,Awesome
Essential,iuaeg
Utility,lxdtx,Awesome
Luxury,xsvng
Essential,ykiul
Utility,wiqyf,Standard
Luxury,cycdj
Luxury,lgxng
Luxury,ciawe
Essential,ugytl
Utility,rjoof,Normal
Utility,zavwj,Normal
Luxury,djuhb
Essential,hteum
Luxury,kgket
Essential,tlykk
Utility,mhuvm,Romantic
Utility,jdbjn,Standard
Essential,kgpuy
Luxury,torqn
Essential,kqabd
Luxury,veowy
Utility,lqsqp,Romantic
Essential,uvmzl
Utility,uoubj,Standard
Luxury,bxzmt
Essential,nkeuf
Luxury,yoqoh
Utility,cbouf,Standard
Luxury,eosit
Utility,wxffv,Rare
Essential,replt
Utility,afjzz,Rare
Utility,mvibt,Normal
Essential,erpae
Luxury,ibtml
Utility,udugb,Romantic
Utility,cmplr,Standard
Essential,kidxu
Luxury,vbslv
Utility,xklyv,Normal
Utility,vflxf,Normal
Luxury,jrvdz
Luxury,lmchi
Essential,gkszf
Utility,iuudy,Standard
Utility,bowkl,Romantic
Essential,fvitk
Utility,ngchn,Normal
Essential,osjcu
Essential,bgtqk
Essential,xcacl
Utility,vyocb,Romantic
Essential,jpyxz
Luxury,ipqhi
Luxury,hwhof
Utility,cdyqu,Romantic
Luxury,jkhzv
Essential,twhxw
Utility,cxgmn,Romantic
Luxury,heuyc
Essential,kttgh
Utility,xpbbf,Standard
Essential,pdxji
Essential,bnuev
Utility,tcylt,Awesome
Luxury,yxpzc
Utility,alprp,Awesome
Luxury,jlpua
Essential,wjvjt
Utility,ewpyo,Standard
Luxury,umiey
Luxury,xeexl
Utility,eamxk,Normal
Luxury,mjyqe
Utility,dlhud,Awesome
Luxury,eetcy
Utility,pxjya,Awesome
Utility,fewvy,Romantic
Luxury,ujfhd
Utility,ajyvy,Romantic
Essential,encdg
Essential,zopio
Utility,gwcbw,Standard
Utility,wrysb,Standard
Utility,aazxx,Normal
Luxury,cgmsm
Essential,ohccs
Utility,rbcno,Standard
Essential,shzyz
Luxury,ssuzb
Utility,isosv,Romantic
Luxury,jfxxn
Essential,nhiuc
Essential,tjban
Luxury,iohga
Essential,muahs
Luxury,xtrpd
Utility,wucut,Romantic
Essential,uwlhz
Utility,zgprp,Rare
Essential,oxfkn
Essential,nstot
Utility,iypva,Romantic
Utility,itjfp,Awesome
Luxury,xhelu
Essential,ksbyn
Luxury,yttih
Utility,upqxi,Romantic
Essential,kqabs
Utility,uspbg,Standard
Utility,kufor,Awesome
Luxury,eybxn
Utility,xjgfv,Standard
Essential,sgyqy
