Single,normal,myfxf
Single,normal,mcxkq
Single,normal,qenaf
Single,desperate,ojnof
Single,desperate,ycrmp
Single,normal,ekpct
Single,choosy,lookf
Single,desperate,rvoog
Single,normal,ucthl
Single,choosy,pmlys
Single,desperate,gojby
Single,normal,owjwr
Single,choosy,mjzpm
Single,normal,zgyhw
Single,desperate,ndscy
Single,choosy,sebip
Single,normal,alvbq
Single,choosy,akpul
Single,desperate,pxikn
Single,choosy,szxhn
Single,choosy,gnmxi
Single,desperate,ffwjt
Single,desperate,wrlgx
Single,normal,uwwsi
Single,choosy,pxyao
Single,normal,mpbxi
Single,choosy,pppng
Single,desperate,xkznj
Single,desperate,bexya
Single,normal,hpkxp
Single,desperate,rstno
Single,desperate,gjjua
Single,choosy,kmont
Single,normal,oqlor
Single,choosy,wedzj
Single,normal,edgze
Single,normal,sszjd
Single,normal,iaper
Single,choosy,zesdl
Single,desperate,ethtq
Single,choosy,wtkof
Single,choosy,quxcz
Single,normal,lvorw
Single,desperate,opour
Single,normal,oizvf
Single,desperate,icqrn
Single,normal,pndqf
Single,choosy,ccfcm
Single,desperate,pvopg
Single,choosy,senbc
Single,normal,ammde
Single,normal,nxoka
Single,choosy,fmlhj
Single,desperate,petdz
Single,normal,siimf
Single,choosy,qxyok
Single,desperate,uhcxj
Single,desperate,jnslx
Single,normal,ucpwb
Single,desperate,wzeff
Single,desperate,ysjlv
Single,desperate,rwtzc
Single,normal,tvrfk
Single,choosy,axlyk
Single,normal,linzk
Single,choosy,lbiym
Single,desperate,ratfr
Single,choosy,yrmmk
Single,normal,huhai
Single,choosy,mirll
Single,desperate,zjjrw
Single,choosy,sawia
Single,normal,jwfsa
Single,normal,bfayk
Single,choosy,prezq
Single,desperate,bszzo
Single,normal,hqizb
Single,normal,znyuy
Single,normal,fwami
Single,desperate,savzy
Single,choosy,zoolv
Single,desperate,qnpdj
Single,normal,gpkkb
Single,desperate,ozyvp
Single,desperate,nighs
Single,choosy,pfmmh
Single,desperate,hymek
Single,choosy,acrnq
Single,choosy,xokzx
Single,choosy,upgff
Single,choosy,mwzii
Single,choosy,zozpr
Single,desperate,vyvvt
Single,choosy,aeseq
Single,choosy,mkzte
Single,desperate,tdfyz
Single,normal,txfec
Single,choosy,tlzoq
Single,normal,hvkym
Single,desperate,bxryl
Single,choosy,nilch
Single,choosy,bjcwe
Single,choosy,rnvtk
Single,choosy,bdbmr
Single,choosy,hnecq
Single,choosy,sehix
Single,normal,gfpzg
Single,normal,liwun
Single,normal,npgoz
Single,choosy,ynmpg
Single,normal,nwjtj
Single,choosy,zlemj
Single,desperate,nvxxz
Single,desperate,nvjsa
Single,choosy,xznwf
Single,choosy,hobbx
Single,choosy,afmhf
Single,choosy,zbepz
Single,normal,tesqa
Single,choosy,yqqnq
Single,normal,zlrhu
Single,normal,yhucc
Single,desperate,fofxh
Single,desperate,eaybs
Single,desperate,yhftt
Single,choosy,fxhdt
Single,choosy,ckkgi
Single,desperate,hbqar
Single,choosy,spbez
Single,choosy,qvwlh
Single,choosy,kgofl
Single,desperate,zrkjn
Single,choosy,vjywu
Single,choosy,heqhi
Single,desperate,wcugh
Single,normal,hknmm
Single,normal,ttxxs
Single,choosy,herrm
Single,normal,mhpcw
Single,choosy,qvhzi
Single,normal,ljnsb
Single,choosy,wbilv
Single,normal,ipsmq
Single,normal,iueum
Single,normal,twehd
Single,desperate,wjdka
Single,desperate,nhkgr
Single,choosy,pclle
Single,desperate,xaxeg
Single,normal,ruthf
Single,choosy,lzoka
Single,desperate,qolnd
Single,normal,mvejw
Single,desperate,tgplh
Single,normal,flmsg
Single,choosy,ppxkz
Single,normal,szszd
Single,choosy,goyzi
Single,normal,nkdmq
Single,desperate,neyfy
Single,normal,nglcb
Single,choosy,hatij
Single,desperate,vpnpr
Single,normal,pxsmq
Single,normal,pstab
Single,normal,dedzp
Single,desperate,qzphw
Single,normal,kwayh
Single,normal,awokm
Single,desperate,epzag
Single,desperate,igyxj
Single,choosy,egsvl
Single,normal,gncwr
Single,desperate,qtkgl
Single,desperate,wtyba
Single,choosy,npivp
Single,choosy,rwhbv
Single,choosy,nhzmy
Single,desperate,ukaxf
Single,desperate,hcqry
Single,choosy,wbxvz
Single,normal,rfjbj
Single,desperate,olfxz
Single,choosy,vqjau
Single,normal,umksc
Single,choosy,zsgei
Single,desperate,vighv
Single,choosy,vrkfq
Single,normal,zhmjr
Single,normal,oezin
Single,choosy,jnrwp
Single,desperate,vxlke
Single,normal,imzfh
Single,normal,qnezy
Single,normal,spvlu
Single,choosy,crtav
Single,desperate,fvhfw
Single,desperate,hjwrt
Single,desperate,bywzb
Single,desperate,giefl
